category	effect	effect_label	coef	se	pvalue	fdr
Vancomycin (VRE)	AnyMilk[T.Donor]	Donor milk (vs Mother's)	0.04818544311417893	0.03167346893363624	0.12817985971214818	0.5111166451738223
ESBL	AnyMilk[T.Donor]	Donor milk (vs Mother's)	-0.36806315114375443	0.24396096564372596	0.13137625963082022	0.5111166451738223
Sulfonamide	AnyMilk[T.Donor]	Donor milk (vs Mother's)	-0.27778062153402433	0.18793772940837405	0.13939544868376968	0.5111166451738223
Colistin (mcr)	AnyMilk[T.Donor]	Donor milk (vs Mother's)	0.06342108616469286	0.04841565250802932	0.19021972354214078	0.5231042397408872
Aminoglycoside	AnyMilk[T.Donor]	Donor milk (vs Mother's)	0.16801253181159928	0.17867380671190927	0.3470477672990149	0.6539864482806517
Methicillin (mecA)	AnyMilk[T.Donor]	Donor milk (vs Mother's)	0.18161304508416265	0.2015726537802615	0.3675986490008587	0.6539864482806517
Tetracycline	AnyMilk[T.Donor]	Donor milk (vs Mother's)	0.17920989742751153	0.22040916345590505	0.41617319436041467	0.6539864482806517
Carbapenemase	AnyMilk[T.Donor]	Donor milk (vs Mother's)	-0.0440228891717998	0.14052985246457483	0.7540803932287701	0.992000714595819
Trimethoprim	AnyMilk[T.Donor]	Donor milk (vs Mother's)	-0.03470003515660482	0.15388997399308982	0.8216012129119408	0.992000714595819
Fluoroquinolone	AnyMilk[T.Donor]	Donor milk (vs Mother's)	0.018029253545931587	0.1598079451918532	0.9101746451759185	0.992000714595819
Macrolide (MLS)	AnyMilk[T.Donor]	Donor milk (vs Mother's)	-0.0016866851791018233	0.1682347172521505	0.992000714595819	0.992000714595819
Aminoglycoside	BodySite[T.Groin]	Groin (vs Axilla)	-0.7649481135735328	0.08674379894633547	1.1602801468128402e-18	1.2763081614941242e-17
Macrolide (MLS)	BodySite[T.Groin]	Groin (vs Axilla)	-0.7672108352393036	0.09291316735633479	1.4901884165977544e-16	8.196036291287649e-16
Fluoroquinolone	BodySite[T.Groin]	Groin (vs Axilla)	0.45796288314586614	0.06493448618212405	1.7548994841761496e-12	6.434631441979216e-12
Methicillin (mecA)	BodySite[T.Groin]	Groin (vs Axilla)	-0.6562397729446623	0.10054091058719505	6.705886192326345e-11	1.8441187028897448e-10
ESBL	BodySite[T.Groin]	Groin (vs Axilla)	0.551697351259304	0.08747914100734955	2.852022269700379e-10	6.274448993340834e-10
Tetracycline	BodySite[T.Groin]	Groin (vs Axilla)	-0.37611084435128617	0.09036114799725367	3.15048308201419e-05	5.7758856503593484e-05
Sulfonamide	BodySite[T.Groin]	Groin (vs Axilla)	0.27179302810249173	0.07834974740293361	0.0005224551883436076	0.0008210010102542406
Trimethoprim	BodySite[T.Groin]	Groin (vs Axilla)	-0.10995504203898147	0.06131615234871358	0.07293334459432829	0.1002833488172014
Carbapenemase	BodySite[T.Groin]	Groin (vs Axilla)	0.057766758129803336	0.04406528446429512	0.1898794607473342	0.232074896468964
Colistin (mcr)	BodySite[T.Groin]	Groin (vs Axilla)	0.025656949725869675	0.023768172718421576	0.28037975410299143	0.3084177295132906
Vancomycin (VRE)	BodySite[T.Groin]	Groin (vs Axilla)	0.012166727527343968	0.016874267414828503	0.47089563323070016	0.47089563323070016
Fluoroquinolone	BodySite[T.Stool]	Stool (vs Axilla)	0.8115064743176436	0.06471637953671008	4.542542983754571e-36	4.996797282130027e-35
ESBL	BodySite[T.Stool]	Stool (vs Axilla)	0.8194296765414216	0.08722800941618684	5.770257312787154e-21	3.1736415220329343e-20
Methicillin (mecA)	BodySite[T.Stool]	Stool (vs Axilla)	-0.7333233788282844	0.10019602310933406	2.5003588166291707e-13	9.167982327640294e-13
Sulfonamide	BodySite[T.Stool]	Stool (vs Axilla)	0.5430689728254995	0.07810139826882904	3.566275153833805e-12	9.807256673042963e-12
Vancomycin (VRE)	BodySite[T.Stool]	Stool (vs Axilla)	0.09769521977978785	0.016811810085824032	6.2061244319917464e-09	1.3653473750381843e-08
Aminoglycoside	BodySite[T.Stool]	Stool (vs Axilla)	-0.46201405733676426	0.08643618662501948	9.034408587335167e-08	1.6563082410114474e-07
Macrolide (MLS)	BodySite[T.Stool]	Stool (vs Axilla)	-0.4835309333741773	0.09256351714565884	1.7531233087646748e-07	2.7549080566302033e-07
Carbapenemase	BodySite[T.Stool]	Stool (vs Axilla)	0.18887722606056062	0.043944555190862926	1.7228376806384273e-05	2.3689018108778376e-05
Tetracycline	BodySite[T.Stool]	Stool (vs Axilla)	0.32105083658949113	0.09005879734579982	0.0003639913989782674	0.00044487837652899343
Colistin (mcr)	BodySite[T.Stool]	Stool (vs Axilla)	0.0792684455053337	0.023699056542292662	0.0008234391377849338	0.0009057830515634272
Trimethoprim	BodySite[T.Stool]	Stool (vs Axilla)	0.08798997749330927	0.061135138657912806	0.15007400918428607	0.15007400918428607
Methicillin (mecA)	GestationTime	Gestational age (per week)	-0.08126935706409674	0.02861415466602994	0.004508804847211336	0.049596853319324695
Fluoroquinolone	GestationTime	Gestational age (per week)	0.04441197506042017	0.022492337671559465	0.048320602918967	0.23652992785097648
ESBL	GestationTime	Gestational age (per week)	0.06320633665947312	0.034190510901376356	0.0645081621411754	0.23652992785097648
Carbapenemase	GestationTime	Gestational age (per week)	0.024059053299948382	0.01961399926027761	0.21996296532903703	0.45179145538749776
Aminoglycoside	GestationTime	Gestational age (per week)	-0.030322890476053282	0.025331719296655383	0.23129389979142956	0.45179145538749776
Vancomycin (VRE)	GestationTime	Gestational age (per week)	0.004994237303064228	0.004509377814163539	0.2680680982343101	0.45179145538749776
Colistin (mcr)	GestationTime	Gestational age (per week)	0.007301971776886319	0.006865246811704619	0.28750365342840767	0.45179145538749776
Trimethoprim	GestationTime	Gestational age (per week)	-0.020101379614365554	0.02164206344406874	0.3529872098345338	0.48535741352248396
Sulfonamide	GestationTime	Gestational age (per week)	0.015037084651594401	0.026477029800034264	0.5700828820393897	0.6967679669370318
Macrolide (MLS)	GestationTime	Gestational age (per week)	-0.005044633162043054	0.024002116799002784	0.8335314725033539	0.9168846197536893
Tetracycline	GestationTime	Gestational age (per week)	0.0020115075875714095	0.031033631532332084	0.9483196881019571	0.9483196881019571
Carbapenemase	MaternalAntibiotics[T.Mat.Abx]	Maternal abx (vs None)	-0.1422303016939824	0.09218379015512451	0.1228552201985273	0.6388496277670851
Sulfonamide	MaternalAntibiotics[T.Mat.Abx]	Maternal abx (vs None)	0.13421828191103163	0.12458452549982821	0.28133417255354465	0.6388496277670851
Trimethoprim	MaternalAntibiotics[T.Mat.Abx]	Maternal abx (vs None)	0.10150377868614466	0.10178914452057058	0.3186691393551728	0.6388496277670851
ESBL	MaternalAntibiotics[T.Mat.Abx]	Maternal abx (vs None)	0.13952150130509858	0.1607602129026766	0.3854568692634128	0.6388496277670851
Colistin (mcr)	MaternalAntibiotics[T.Mat.Abx]	Maternal abx (vs None)	0.02490826276703556	0.03233451332665569	0.4411038510967682	0.6388496277670851
Fluoroquinolone	MaternalAntibiotics[T.Mat.Abx]	Maternal abx (vs None)	0.07951124834010324	0.10580342884491882	0.4523519624662906	0.6388496277670851
Methicillin (mecA)	MaternalAntibiotics[T.Mat.Abx]	Maternal abx (vs None)	-0.10027029533176154	0.13475816353191014	0.45683058748747796	0.6388496277670851
Tetracycline	MaternalAntibiotics[T.Mat.Abx]	Maternal abx (vs None)	0.1067513130713724	0.14598190547408368	0.4646179111033346	0.6388496277670851
Aminoglycoside	MaternalAntibiotics[T.Mat.Abx]	Maternal abx (vs None)	0.0662903182506592	0.11931276091546017	0.5784834816471138	0.7070353664575835
Vancomycin (VRE)	MaternalAntibiotics[T.Mat.Abx]	Maternal abx (vs None)	0.00542999240846942	0.021255936958859883	0.798369623486658	0.8782065858353237
Macrolide (MLS)	MaternalAntibiotics[T.Mat.Abx]	Maternal abx (vs None)	-0.008240610761472592	0.11324321532467699	0.9419898329584717	0.9419898329584717
Methicillin (mecA)	PostNatalAbxCohort[T.High.Infant.Abx]	High infant abx (vs None)	-0.582360932986841	0.13364620328605362	1.3156727991531928e-05	0.00013219463845062465
Tetracycline	PostNatalAbxCohort[T.High.Infant.Abx]	High infant abx (vs None)	-0.6027328713328536	0.14270352567576094	2.403538880920448e-05	0.00013219463845062465
Carbapenemase	PostNatalAbxCohort[T.High.Infant.Abx]	High infant abx (vs None)	0.30651200041853943	0.08820217864643431	0.0005106497942083855	0.0018723825787640804
Vancomycin (VRE)	PostNatalAbxCohort[T.High.Infant.Abx]	High infant abx (vs None)	-0.06670148027102848	0.021159620949287847	0.0016198956226569218	0.004454712962306534
Trimethoprim	PostNatalAbxCohort[T.High.Infant.Abx]	High infant abx (vs None)	-0.2936477989445368	0.0992622034435506	0.003093366338162954	0.006805405943958499
Macrolide (MLS)	PostNatalAbxCohort[T.High.Infant.Abx]	High infant abx (vs None)	-0.3256224619959578	0.11285148492486483	0.003909079653735869	0.007166646031849093
Aminoglycoside	PostNatalAbxCohort[T.High.Infant.Abx]	High infant abx (vs None)	-0.10180091104873486	0.11816114410416498	0.38893902817406845	0.6111899014163933
Sulfonamide	PostNatalAbxCohort[T.High.Infant.Abx]	High infant abx (vs None)	0.07005946876402502	0.12196099858436461	0.5656690223814826	0.7355350593976164
ESBL	PostNatalAbxCohort[T.High.Infant.Abx]	High infant abx (vs None)	0.0809189700401079	0.1550731102276577	0.6018014122344135	0.7355350593976164
Fluoroquinolone	PostNatalAbxCohort[T.High.Infant.Abx]	High infant abx (vs None)	0.030341612577142345	0.10335089094209077	0.7690799102595276	0.8459879012854804
Colistin (mcr)	PostNatalAbxCohort[T.High.Infant.Abx]	High infant abx (vs None)	-0.0036969889326159927	0.0320342950038634	0.9081223564311395	0.9081223564311395
Tetracycline	PostNatalAbxCohort[T.Low.Infant.Abx]	Low infant abx (vs None)	-0.49379729066412975	0.15399394059906962	0.001343126408640675	0.014774390495047423
Vancomycin (VRE)	PostNatalAbxCohort[T.Low.Infant.Abx]	Low infant abx (vs None)	-0.051825447678609124	0.022589401420431747	0.021776870967372026	0.11977279032054615
Methicillin (mecA)	PostNatalAbxCohort[T.Low.Infant.Abx]	Low infant abx (vs None)	-0.23835327263716924	0.14280094039578273	0.09509170365420166	0.3486695800654061
Carbapenemase	PostNatalAbxCohort[T.Low.Infant.Abx]	Low infant abx (vs None)	0.12649111002437138	0.09551905135587158	0.18542000836925943	0.5099050230154634
ESBL	PostNatalAbxCohort[T.Low.Infant.Abx]	Low infant abx (vs None)	0.1738588995494925	0.1682755158025969	0.30151966467654157	0.6633432622883915
Aminoglycoside	PostNatalAbxCohort[T.Low.Infant.Abx]	Low infant abx (vs None)	-0.11446821696566674	0.1263658943682913	0.3650166280067383	0.6691971513456869
Trimethoprim	PostNatalAbxCohort[T.Low.Infant.Abx]	Low infant abx (vs None)	-0.0809995865061958	0.10742220950987569	0.4508311080859776	0.7084488841351076
Sulfonamide	PostNatalAbxCohort[T.Low.Infant.Abx]	Low infant abx (vs None)	0.08325872200400673	0.13145919489091476	0.5265098718552201	0.7239510738009277
Macrolide (MLS)	PostNatalAbxCohort[T.Low.Infant.Abx]	Low infant abx (vs None)	-0.059641121309068165	0.11993093248923692	0.6189806359926147	0.7565318884354179
Fluoroquinolone	PostNatalAbxCohort[T.Low.Infant.Abx]	Low infant abx (vs None)	-0.00653301463864069	0.11165956325148364	0.9533437270241432	0.9649012579043101
Colistin (mcr)	PostNatalAbxCohort[T.Low.Infant.Abx]	Low infant abx (vs None)	-0.0015081911746438479	0.034273997850664116	0.9649012579043101	0.9649012579043101
Tetracycline	Week[T.Week.3]	Postnatal Week 3 (vs Week 1)	0.7548566576918427	0.07518826159448576	1.021342766689837e-23	1.1234770433588206e-22
Fluoroquinolone	Week[T.Week.3]	Postnatal Week 3 (vs Week 1)	0.5090037908433704	0.0540444846317254	4.58723205925544e-21	2.522977632590492e-20
ESBL	Week[T.Week.3]	Postnatal Week 3 (vs Week 1)	0.6398407589060215	0.07307327300480357	2.0202742959934637e-18	7.407672418642701e-18
Aminoglycoside	Week[T.Week.3]	Postnatal Week 3 (vs Week 1)	0.58651512317537	0.0718638872168001	3.309653614122408e-16	9.101547438836622e-16
Sulfonamide	Week[T.Week.3]	Postnatal Week 3 (vs Week 1)	0.5106400750325732	0.06517942395254789	4.7117909515326856e-15	1.0365940093371908e-14
Macrolide (MLS)	Week[T.Week.3]	Postnatal Week 3 (vs Week 1)	0.5233130929810652	0.07664129263036312	8.605690812351072e-12	1.5777099822643632e-11
Colistin (mcr)	Week[T.Week.3]	Postnatal Week 3 (vs Week 1)	0.06650990163939852	0.019675893184136293	0.0007241371470656726	0.0011379298025317713
Carbapenemase	Week[T.Week.3]	Postnatal Week 3 (vs Week 1)	0.09026165008458054	0.03693504774708582	0.014533720305161077	0.01998386541959648
Trimethoprim	Week[T.Week.3]	Postnatal Week 3 (vs Week 1)	0.08338369343691834	0.05107349395822243	0.10254858895599267	0.12533716427954658
Vancomycin (VRE)	Week[T.Week.3]	Postnatal Week 3 (vs Week 1)	0.016609430802497174	0.013946841413055947	0.2336889776265021	0.2570578753891523
Methicillin (mecA)	Week[T.Week.3]	Postnatal Week 3 (vs Week 1)	-0.07121441460425168	0.08320833040493032	0.3920769979919537	0.3920769979919537
