sample_name	has_fq_resistance	has_qrdr_mutations	resistance_confidence	total_reads	reads_with_mutations	reads_with_fq_resistance	num_species	num_resistant_species	total_fq_resistance_mutations	total_qrdr_mutations
N01_1_2	True	True	0.95	27848578	3910	41	10	2	41	497
N01_1_3	True	True	0.95	32477126	3294	36	10	3	36	548
N01_1_4	True	True	0.95	32574979	41243	782	10	4	783	3974
N01_2_2	True	True	0.95	24619957	16227	250	10	4	250	2978
N01_2_3	True	True	0.95	28118845	11295	98	10	5	98	1404
N01_2_4	True	True	0.95	23601853	17601	10	10	5	10	3102
N02_1_2	True	True	0.95	26354065	7055	65	10	1	65	736
N02_1_3	True	True	0.95	19831116	216	6	10	1	6	112
N02_1_4	True	True	0.95	36939615	39624	274	10	5	274	5449
N02_2_2	True	True	0.95	22852182	5016	31	10	3	31	863
N02_2_3	True	True	0.95	26086163	2319	7	10	3	7	349
N02_2_4	True	True	0.95	28226667	17742	24	10	5	24	2989
N03_1_4	True	True	0.95	31307463	23386	146	10	5	146	6309
N03_2_2	True	True	0.95	14600796	3699	7	10	2	7	1262
N03_2_3	True	True	0.8	22777493	1373	1	10	1	1	279
N03_2_4	True	True	0.95	21033303	17097	18	10	5	18	6262
N04_1_2	True	True	0.95	15804543	3494	44	10	3	44	558
N04_1_3	True	True	0.95	4772334	4405	14	10	5	14	1365
N04_1_4	True	True	0.95	13703869	23161	81	10	5	105	3586
N04_2_2	True	True	0.95	11841427	1520	6	10	1	6	492
N04_2_3	True	True	0.95	14109432	3249	19	10	3	19	649
N04_2_4	True	True	0.95	12600781	15769	24	10	4	24	3739
N05_1_2	True	True	0.95	9498538	3964	3	10	1	3	443
N05_1_3	True	True	0.95	6553893	333	9	10	1	9	62
N05_1_4	True	True	0.95	16374935	19530	91	10	2	92	5048
N05_2_2	True	True	0.6	14318818	3534	2	10	1	2	1828
N05_2_3	True	True	0.95	16099520	6658	11	10	4	11	1068
N05_2_4	True	True	0.95	12954797	13948	29	10	4	29	4592
N06_1_2	True	True	0.95	20203972	13034	178	10	3	178	2363
N06_1_3	True	True	0.95	12115933	2065	16	10	3	16	186
N06_1_4	True	True	0.95	8910005	11511	56	10	3	57	2563
N07_1_2	True	True	0.95	6677637	3353	3	10	1	3	1791
N07_1_3	True	True	0.95	11355447	4427	28	10	3	28	600
N07_1_4	True	True	0.95	9675995	12691	50	10	3	50	3773
N07_2_2	True	True	0.95	9481359	768	11	10	1	11	122
N07_2_3	True	True	0.95	10799812	8305	48	10	5	48	1589
N07_2_4	True	True	0.95	5696995	7160	15	10	5	17	834
N08_1_2	True	True	0.95	19640209	21594	240	10	3	241	2116
N08_1_3	True	True	0.95	11800286	5298	27	10	4	27	1899
N08_1_4	True	True	0.95	15045555	19285	100	10	4	101	6986
N08_2_2	True	True	0.95	13949833	5647	7	10	3	7	2237
N08_2_3	True	True	0.95	14989716	1572	4	10	3	4	405
N08_2_4	True	True	0.95	8536725	7029	24	10	6	24	1526
N09_1_2	True	True	0.95	8995260	1940	55	10	1	55	290
N09_1_3	True	True	0.6	12084914	1340	1	10	1	1	741
N09_1_4	False	True	0.4	13233835	60	0	10	0	0	59
N09_2_2	True	True	0.95	13843178	1046	3	10	1	3	366
N09_2_3	False	True	0.4	14525484	90	0	10	0	0	25
N09_2_4	True	True	0.95	8282919	5595	20	10	4	20	561
N10_1_2	True	True	0.95	10378198	1060	3	10	1	3	331
N10_1_3	True	True	0.95	13798922	18905	11	10	3	11	1266
N10_1_4	True	True	0.95	10008592	19045	267	10	4	268	1334
N10_2_2	True	True	0.95	15636071	3128	21	10	1	21	1216
N10_2_3	True	True	0.95	14098190	14975	47	10	4	47	2782
N10_2_4	True	True	0.95	7671052	9919	3	10	3	3	2350
N11_1_2	True	True	0.95	14454121	10352	38	10	4	38	3390
N11_1_3	True	True	0.95	9763417	441	4	10	1	4	58
N11_1_4	True	True	0.95	12371093	27667	356	10	5	358	2836
N11_2_2	True	True	0.95	16034016	8772	25	10	4	25	3218
N11_2_3	True	True	0.95	5445326	3980	10	10	4	10	491
N11_2_4	True	True	0.95	7485698	9031	5	10	3	5	755
N12_1_2	True	True	0.95	15647235	22219	224	10	4	224	2318
N12_1_3	True	True	0.95	14257733	4586	28	10	2	28	772
N12_1_4	True	True	0.95	13412171	4457	7	10	5	8	582
N13_1_2	True	True	0.6	11327123	465	3	9	1	3	27
N13_1_3	True	True	0.8	15305536	1080	1	10	1	1	553
N13_1_4	True	True	0.95	14466736	1549	19	10	2	19	343
N13_2_2	True	True	0.95	13658879	4815	7	10	4	7	1835
N13_2_3	False	True	0.4	9782752	404	0	10	0	0	23
N13_2_4	True	True	0.95	15388673	19348	4	10	2	4	997
N14_1_2	True	True	0.95	16923280	3025	6	10	1	6	1062
N14_1_3	False	True	0.4	12333275	45	0	8	0	0	8
N14_1_4	False	True	0.4	5742082	1619	0	10	0	0	154
N14_2_2	False	True	0.4	22043686	1669	0	10	0	0	797
N14_2_3	True	True	0.95	14089661	2085	2	10	2	2	479
N14_2_4	True	True	0.95	8908508	5201	4	10	3	4	1171
N15_1_2	True	True	0.95	17739637	4905	9	10	5	9	1413
N15_1_3	True	True	0.95	12785566	2197	2	10	2	2	633
N15_1_4	True	True	0.95	11221826	11665	27	10	4	27	2956
N15_2_2	False	True	0.4	8831860	228	0	10	0	0	115
N15_2_3	True	True	0.95	9278984	10419	6	10	3	6	1612
N15_2_4	True	True	0.95	3370554	1970	3	10	3	3	426
N16_1_2	True	True	0.95	12343504	1305	3	10	1	3	466
N16_1_3	True	True	0.95	8351025	3086	24	10	3	24	1422
N16_1_4	True	True	0.95	10524956	12234	28	10	5	28	4111
N16_2_2	True	True	0.95	16293292	4176	5	10	1	5	2022
N16_2_3	True	True	0.95	11233266	9336	11	10	5	11	1202
N16_2_4	True	True	0.95	7679365	6220	10	10	4	10	1673
N17_1_2	True	True	0.95	12429800	2846	11	10	1	11	1216
N17_1_3	True	True	0.95	15365031	9457	8	10	2	8	1147
N17_1_4	True	True	0.95	11968701	15094	12	10	4	12	1238
N17_2_2	False	True	0.4	4433108	828	0	10	0	0	406
N17_2_3	True	True	0.95	3438336	3670	32	10	5	32	679
N17_2_4	True	True	0.95	439414	530	2	10	2	2	71
N18_1_2	True	True	0.8	16036313	1084	1	10	1	1	448
N18_1_3	True	True	0.95	21547422	444	3	10	1	3	110
N18_1_4	True	True	0.95	15524728	23447	222	10	5	222	4501
N18_2_2	True	True	0.95	11523327	4984	5	10	1	5	2397
N18_2_3	True	True	0.6	5826271	150	1	10	1	1	26
N18_2_4	False	True	0.4	472432	496	0	10	0	0	62
N19_1_2	True	True	0.95	14163229	7250	20	10	1	20	3081
N19_1_3	True	True	0.95	9984115	3621	8	10	2	8	317
N19_1_4	True	True	0.95	9538691	21296	24	10	5	24	1681
N19_2_2	True	True	0.95	19762841	6015	12	10	1	12	3067
N19_2_3	True	True	0.95	13834726	21834	122	10	7	122	3307
N19_2_4	True	True	0.95	2067637	2120	5	10	4	5	438
N20_1_2	False	True	0.4	18201629	515	0	10	0	0	336
N20_1_3	True	True	0.95	20086303	3185	30	10	1	30	954
N20_1_4	True	True	0.95	20181504	35473	453	10	4	453	5798
N20_2_2	True	True	0.6	15869568	2832	1	10	1	1	1694
N20_2_3	False	True	0.4	4905776	52	0	10	0	0	17
N20_2_4	True	True	0.95	1689568	2683	6	10	2	6	424
N21_1_2	True	True	0.95	15977251	5333	22	10	2	22	1133
N21_1_3	True	True	0.95	15195995	8699	26	10	6	26	1440
N21_1_4	True	True	0.95	4259951	4612	4	10	4	4	584
N21_2_2	True	True	0.95	9866106	1925	3	10	2	3	376
N21_2_3	True	True	0.95	2351551	2502	7	10	3	7	353
N21_2_4	True	True	0.95	4206151	4746	12	10	4	12	749
N22_1_2	True	True	0.8	11244951	897	5	10	3	5	380
N22_1_3	True	True	0.95	21341077	7704	52	10	4	52	957
N22_1_4	True	True	0.95	11019271	8045	9	9	4	9	1024
N22_2_2	True	True	0.95	9381592	5349	43	10	4	43	1085
N22_2_3	True	True	0.95	9274741	7331	14	10	5	14	1261
N22_2_4	True	True	0.8	1651476	1660	1	10	1	1	245
N23_1_4	True	True	0.95	4786223	7485	157	10	2	157	1423
N23_2_2	True	True	0.95	14899841	7460	49	10	4	49	3845
N23_2_3	True	True	0.95	26500118	11221	59	10	3	59	3626
N23_2_4	True	True	0.95	6783636	7831	12	10	4	12	889
N24_1_2	True	True	0.8	15820795	313	1	10	1	1	50
N24_1_3	False	True	0.4	13222119	421	0	9	0	0	106
N24_1_4	True	True	0.95	11207756	9441	49	10	5	49	2400
N24_2_3	True	True	0.95	14092721	12997	24	10	6	24	2615
N24_2_4	True	True	0.95	2785417	3683	4	10	3	4	553
N25_1_2	True	True	0.95	18432407	6583	59	10	3	59	1075
N25_1_3	True	True	0.95	10831308	212	2	10	1	2	92
N25_1_4	True	True	0.95	8105536	7418	8	10	3	8	842
N25_2_2	True	True	0.95	13737555	6768	4	10	4	4	2700
N25_2_3	False	True	0.4	9712477	26	0	4	0	0	8
N25_2_4	True	True	0.95	4055811	5496	10	10	3	10	803
N26_1_4	True	True	0.95	2955479	8268	21	10	5	22	996
N27_1_2	True	True	0.95	19903686	5524	20	10	4	20	2171
N27_1_3	True	True	0.95	18784214	2722	15	10	4	15	964
N27_1_4	True	True	0.95	3524940	1148	3	9	2	3	112
N27_2_3	True	True	0.95	19491895	22099	13	10	6	13	9122
N27_2_4	True	True	0.95	3058340	3761	4	10	3	4	842
N28_1_2	True	True	0.95	4214167	1563	6	10	2	6	468
N28_1_3	False	True	0.4	4230013	27	0	4	0	0	6
N28_1_4	True	True	0.95	3854361	3911	13	8	3	13	482
N28_2_3	True	True	0.95	29593564	34968	210	10	5	210	7910
N28_2_4	True	True	0.95	1981548	3010	5	10	2	5	467
N29_1_2	False	True	0.4	7867525	107	0	9	0	0	18
N29_1_3	True	True	0.95	12008835	6632	3	10	3	3	778
N29_1_4	True	True	0.95	6790428	20371	61	10	3	61	1747
N29_2_2	True	True	0.95	16467743	9781	72	10	4	72	5551
N29_2_3	True	True	0.95	27866570	7911	31	10	4	31	4307
N29_2_4	True	True	0.95	4007477	4888	6	10	4	6	1089
N30_1_2	True	True	0.8	1894444	416	1	7	1	1	44
N30_1_3	True	True	0.95	4271767	3763	36	10	1	36	409
N30_1_4	True	True	0.95	2597847	3568	3	10	3	3	561
N30_2_2	True	True	0.95	17235622	7012	14	10	2	14	3085
N30_2_4	True	True	0.95	7211316	11424	120	10	4	120	2469
N31_1_2	True	True	0.95	20395848	12639	232	10	2	232	4166
N31_1_3	True	True	0.95	20766593	3171	18	10	1	18	1344
N31_1_4	True	True	0.95	1796446	3391	14	10	4	14	521
N31_2_2	True	True	0.95	30635820	20268	40	10	5	40	11418
N31_2_4	True	True	0.95	25167636	23762	6	10	4	6	6480
N32_1_2	True	True	0.95	727564	274	12	5	1	12	72
N32_1_3	True	True	0.95	20018918	6366	203	10	2	203	1347
N32_1_4	True	True	0.95	3658583	2088	2	10	2	2	414
N32_2_3	True	True	0.95	20375556	19861	56	10	6	56	8337
N32_2_4	True	True	0.95	7575956	9574	5	10	4	5	2001
N33_1_3	True	True	0.95	8719425	10343	99	10	3	99	4510
N33_1_4	True	True	0.6	4569042	47	1	6	1	1	23
N33_2_3	True	True	0.95	4166976	808	4	10	3	4	136
N33_2_4	True	True	0.95	4279296	2973	6	10	4	6	358
N34_1_2	False	True	0.4	2313229	18	0	10	0	0	11
N34_1_3	False	True	0.4	3212681	24	0	7	0	0	20
N34_1_4	True	True	0.6	9638039	893	1	10	1	1	666
N34_2_2	True	True	0.95	23361873	4114	55	10	1	55	765
N34_2_3	True	True	0.95	18310818	15376	62	10	6	62	4933
N35_1_2	True	True	0.95	2934459	2193	46	10	1	46	284
N35_1_3	True	True	0.6	6542344	64	2	6	1	2	20
N35_1_4	True	True	0.95	9763654	31743	261	10	2	261	2844
N35_2_2	True	True	0.95	22247216	1875	8	10	2	8	539
N35_2_3	True	True	0.95	13622053	8079	18	10	4	18	4688
N36_1_2	True	True	0.95	2770157	1312	13	10	1	13	197
N36_1_3	False	True	0.4	1668233	426	0	10	0	0	204
N36_1_4	True	True	0.95	7267641	16743	124	10	2	124	1087
N36_2_2	True	True	0.95	19658866	5151	75	10	2	75	1753
N36_2_3	True	True	0.95	19187292	29649	11	10	4	11	2902
N37_1_2	True	True	0.95	22533575	421	13	10	1	13	106
N37_1_3	True	True	0.95	20229821	415	16	10	1	16	103
N38_1_2	True	True	0.95	9288762	7834	30	10	3	30	4577
N38_1_3	True	True	0.95	8592201	6069	26	10	3	26	4468
N38_1_4	True	True	0.95	1987616	3116	58	10	1	58	185
N38_2_2	True	True	0.95	21643362	6828	23	10	4	23	3963
N38_2_3	True	True	0.95	2188225	1434	3	10	3	3	476
N38_2_4	True	True	0.95	19680771	15491	14	10	5	14	4227
N39_1_2	True	True	0.95	39560000	10911	81	10	3	81	4506
N39_1_3	True	True	0.95	7515092	4023	10	10	2	10	2381
N39_1_4	True	True	0.95	22219287	6073	172	10	2	172	1374
N39_2_2	True	True	0.95	12001224	4267	19	10	2	19	2045
N39_2_3	True	True	0.95	16753358	15943	158	10	4	158	2105
N39_2_4	True	True	0.95	20238708	9530	204	10	2	204	2244
N40_1_2	True	True	0.95	29381533	3391	104	10	1	104	700
N40_1_3	True	True	0.95	42674528	2137	20	10	2	20	1374
N40_1_4	True	True	0.95	38852783	23894	1884	10	3	1885	4563
N40_2_2	True	True	0.95	16770197	19722	458	10	4	458	3925
N40_2_3	True	True	0.95	18232338	20082	116	10	6	116	5181
N41_1_2	True	True	0.95	10211895	667	50	10	1	50	211
N41_1_3	True	True	0.8	19558575	7063	4	10	2	4	2086
N41_1_4	True	True	0.95	22158307	5591	8	10	2	8	494
N41_2_2	True	True	0.95	11864070	4327	49	10	1	49	1790
N41_2_3	True	True	0.95	18555178	14852	19	10	6	19	2102
N42_1_2	True	True	0.95	35509837	1949	88	10	1	88	409
N42_1_4	True	True	0.95	36259680	29048	1101	10	1	1102	2746
N42_2_2	True	True	0.95	20328308	22199	362	10	2	362	2959
N42_2_3	True	True	0.95	21369900	28944	92	10	6	92	8172
N43_1_2	True	True	0.8	16016571	2366	1	10	1	1	991
N43_1_3	True	True	0.95	19100618	5556	25	10	2	25	494
N43_2_2	True	True	0.95	15175201	16171	197	10	1	197	4865
N43_2_3	True	True	0.95	16870196	14768	52	10	5	54	4373
N44_1_2	True	True	0.95	18586726	28052	763	10	3	763	5246
N44_1_3	True	True	0.8	15529143	156	1	10	1	1	46
N44_2_2	True	True	0.95	18634577	12312	126	10	1	126	4674
N44_2_3	True	True	0.95	14765915	2055	30	10	4	30	353
N45_1_2	True	True	0.95	25891428	8502	136	10	2	136	2086
N45_1_3	True	True	0.95	12160177	12717	26	10	5	26	2092
N45_1_4	True	True	0.95	9124294	7230	48	10	4	48	1369
N45_2_2	True	True	0.95	17179468	10721	5	10	1	5	6604
N45_2_3	True	True	0.95	12622719	15299	9	10	5	9	6635
N46_1_2	True	True	0.95	17392293	20093	368	10	5	368	3689
N46_1_3	True	True	0.95	19399968	1454	20	10	1	20	181
N46_2_2	True	True	0.95	21897333	10746	107	10	3	107	1576
N46_2_3	True	True	0.95	28596499	43610	204	10	6	204	5994
N46_2_4	True	True	0.95	19370722	24461	17	10	4	17	5084
N47_1_2	True	True	0.95	21564581	18304	125	10	1	126	2445
N47_1_3	True	True	0.95	24173421	18956	380	10	1	380	3457
N47_2_2	True	True	0.95	19851473	6988	52	10	2	52	2161
N47_2_3	True	True	0.95	22004158	24311	69	10	3	69	8402
N47_2_4	True	True	0.95	18725809	30503	23	10	4	23	9621
N48_1_2	True	True	0.95	24889977	35111	662	10	1	662	6415
N48_1_3	True	True	0.95	17235428	20563	344	10	2	344	3594
N48_2_2	True	True	0.95	21734286	22266	363	10	2	363	7245
N48_2_3	True	True	0.95	18552173	34565	71	10	5	71	6458
N48_2_4	True	True	0.95	10396007	16635	40	10	3	40	3535
N49_1_2	True	True	0.95	14671373	2790	30	10	1	30	1163
N49_1_3	False	True	0.4	20010396	127	0	10	0	0	85
N49_1_4	True	True	0.95	8955076	14459	124	10	4	124	2840
N49_2_2	True	True	0.95	19168974	2578	25	10	1	25	1152
N49_2_3	True	True	0.95	12909890	1465	3	10	3	3	193
N49_2_4	True	True	0.95	13563944	6894	5	10	2	5	741
N50_1_2	False	True	0.4	16711425	164	0	10	0	0	43
N50_1_3	True	True	0.95	17748552	197	2	10	1	2	31
N50_2_2	True	True	0.95	19204709	9249	23	10	2	23	5415
N50_2_3	True	True	0.95	18899251	20500	28	10	5	28	5257
N50_2_4	True	True	0.95	23039981	29563	13	10	5	13	4871
N51_1_2	True	True	0.95	20544380	13250	367	10	2	367	2424
N51_1_3	True	True	0.95	17030170	1186	26	10	2	26	291
N51_1_4	False	True	0.4	18476691	90	0	10	0	0	38
N51_2_2	False	True	0.4	14371344	1256	0	10	0	0	545
N51_2_3	True	True	0.95	6659596	4169	3	10	3	3	2599
N51_2_4	True	True	0.95	8055248	3442	5	10	2	5	345
N52_1_2	False	True	0.4	16204154	117	0	10	0	0	23
N52_1_3	True	True	0.95	21985850	16156	275	10	1	275	1603
N52_1_4	True	True	0.95	32962530	18872	39	10	3	39	1315
N52_2_2	True	True	0.95	16946574	12594	270	10	2	270	4301
N52_2_3	True	True	0.95	10369617	7346	4	10	4	4	393
N52_2_4	True	True	0.95	12080020	13065	7	10	4	7	889
N53_1_2	True	True	0.95	16925269	2675	95	10	1	95	772
N53_1_3	True	True	0.95	10072721	3510	18	10	1	18	232
N53_1_4	True	True	0.95	33486828	19114	3	10	3	3	1525
N53_2_2	True	True	0.95	9115440	1876	9	10	1	9	843
N53_2_3	True	True	0.95	8981699	1056	12	10	1	12	200
N53_2_4	True	True	0.95	12795037	11958	6	10	3	6	980
N54_1_2	True	True	0.95	4364457	3650	67	10	1	67	991
N54_1_3	True	True	0.95	6828766	321	3	10	1	3	48
N54_1_4	True	True	0.95	18723588	31684	159	10	3	161	2513
N54_2_2	True	True	0.95	8441507	2749	45	10	1	47	848
N54_2_3	True	True	0.8	4372948	2301	1	10	1	1	221
N54_2_4	True	True	0.95	11556884	10267	20	10	4	20	997
N55_1_2	True	True	0.95	7338188	1759	11	10	1	11	539
N55_1_3	True	True	0.8	5524749	152	1	10	1	1	31
N55_1_4	True	True	0.95	34143199	39403	333	10	3	333	6929
N55_2_2	True	True	0.95	9565123	8828	39	10	3	39	4408
N55_2_3	True	True	0.95	8681959	6013	16	10	5	16	860
N55_2_4	True	True	0.95	37756475	37356	17	10	6	17	6774
N56_1_2	True	True	0.95	8652439	22669	406	10	1	406	1889
N56_1_3	True	True	0.95	8630636	2205	46	10	2	46	221
N56_1_4	True	True	0.95	14594883	12367	276	10	2	276	2388
N57_1_2	True	True	0.95	13886218	656	6	10	2	6	79
N57_1_3	True	True	0.95	14310399	2696	5	10	4	5	697
N57_1_4	True	True	0.95	36485579	55827	818	10	3	820	6300
N57_2_2	True	True	0.95	8535917	9528	150	10	2	151	1679
N57_2_3	True	True	0.95	8370488	1360	43	10	1	43	215
N57_2_4	True	True	0.95	16802905	20977	14	10	5	14	1708
N58_1_2	True	True	0.95	7671933	3399	45	10	1	45	930
N58_1_3	True	True	0.95	9596630	776	17	10	1	17	178
N58_1_4	True	True	0.95	10955692	12188	13	10	7	13	1210
N58_2_2	True	True	0.95	9337916	5512	39	10	1	39	2807
N58_2_3	False	True	0.4	6084680	4991	0	10	0	0	261
N58_2_4	True	True	0.95	5322774	5849	6	10	2	6	681
N59_1_2	True	True	0.95	8686130	15037	204	10	1	204	2559
N59_1_3	True	True	0.95	8390574	5034	53	10	1	53	723
N59_1_4	True	True	0.95	34511941	62262	239	10	5	239	15459
N60_1_2	True	True	0.95	11744023	5920	49	10	2	49	961
N60_1_3	False	True	0.4	9903967	56	0	10	0	0	26
N60_1_4	True	True	0.95	16287044	29139	84	10	8	85	3223
N60_2_2	True	True	0.95	8992426	4232	19	10	3	19	2180
N60_2_3	True	True	0.95	4696546	3430	4	10	3	4	781
N60_2_4	True	True	0.95	10450925	10899	15	10	6	15	1675
N61_1_2	True	True	0.95	6519719	988	9	10	1	9	227
N61_1_3	True	True	0.95	9004662	678	29	10	1	29	144
N61_1_4	True	True	0.95	39580718	49617	1038	10	5	1038	23520
N61_2_2	True	True	0.95	10543597	12594	241	10	2	241	3266
N61_2_3	True	True	0.95	16061522	2622	17	10	1	17	515
N61_2_4	False	True	0.4	554989	329	0	10	0	0	27
N62_1_2	True	True	0.95	6280542	3280	58	10	1	58	582
N62_1_3	False	True	0.4	5769881	115	0	10	0	0	13
N62_1_4	True	True	0.95	21742384	17782	18	10	3	18	2078
N62_2_2	True	True	0.95	16558989	5140	55	10	1	55	1462
N62_2_3	True	True	0.95	13112428	763	2	10	1	2	200
N62_2_4	True	True	0.95	15115041	15221	18	10	5	18	2825
N63_1_2	True	True	0.95	5871015	816	46	10	1	46	185
N63_1_3	True	True	0.95	7249389	3533	54	10	2	54	500
N63_1_4	True	True	0.95	13304588	12565	87	10	3	87	1669
N63_2_2	True	True	0.95	13009099	2998	78	10	2	78	649
N63_2_3	True	True	0.95	14308628	1093	4	10	2	4	228
N63_2_4	True	True	0.95	19440153	17608	9	10	4	9	2550
N64_1_2	True	True	0.95	7149328	468	9	10	1	9	194
N64_1_3	True	True	0.8	6936861	446	2	9	2	2	102
N64_1_4	True	True	0.95	36907036	58370	326	10	4	326	5023
N64_2_2	True	True	0.95	20149604	1685	40	10	1	40	350
N64_2_3	True	True	0.95	15062227	1508	19	10	2	19	376
N64_2_4	True	True	0.95	26960772	17633	38	10	7	38	5069
N65_1_2	True	True	0.95	8791999	8439	157	10	1	157	2654
N65_1_3	True	True	0.95	13184198	9386	71	10	4	71	812
N65_1_4	True	True	0.95	9434923	17359	131	10	6	131	1102
N65_2_2	True	True	0.95	8093898	6681	79	10	2	79	2613
N65_2_3	True	True	0.95	9764461	2417	16	10	4	16	557
N65_2_4	True	True	0.95	23222676	38230	19	10	6	19	6496
N66_1_2	True	True	0.95	14099137	5413	47	10	1	47	1281
N66_1_3	True	True	0.95	13408979	464	17	10	1	17	100
N66_1_4	True	True	0.95	6450397	12645	152	10	3	152	967
N66_2_2	True	True	0.95	6836234	1646	19	10	1	19	736
N66_2_3	True	True	0.95	6889602	1480	4	10	3	4	165
N66_2_4	True	True	0.95	13796818	12104	10	10	4	10	1628
N67_1_2	True	True	0.95	13515741	12375	262	10	2	262	2306
N67_1_3	True	True	0.95	15919458	919	41	10	1	41	141
N67_1_4	True	True	0.95	39459227	45117	1344	10	4	1344	7446
N67_2_2	True	True	0.95	9907431	3760	8	10	1	8	2447
N67_2_3	True	True	0.95	7804538	6851	4	10	4	4	2532
N67_2_4	True	True	0.95	20261343	24849	28	10	6	28	8122
N68_1_2	True	True	0.95	5862559	5327	128	10	1	128	1300
N68_1_3	True	True	0.95	11603347	5259	154	10	1	156	1678
N68_1_4	True	True	0.95	36176280	12988	199	10	1	199	1929
N68_2_2	False	True	0.4	7133887	343	0	10	0	0	61
N68_2_3	True	True	0.95	7937733	124	6	8	2	6	49
N68_2_4	True	True	0.95	6383216	3969	61	7	3	61	1211
ZJH_N01_1_2	False	True	0.4	24155041	72	0	9	0	0	20
ZJH_N01_1_3	False	False	0.05	4190000	1	0	1	0	0	0
ZJH_N01_1_4	True	True	0.6	18005462	272	1	10	1	1	70
ZJH_N01_2_2	True	True	0.95	6900000	4721	33	10	1	33	1455
ZJH_N01_2_3	True	True	0.95	28094728	21612	569	10	5	571	7418
ZJH_N01_2_4	True	True	0.95	23888440	34721	272	10	5	272	2994
ZJH_N02_1_2	True	True	0.95	23567907	2190	102	10	4	102	446
ZJH_N02_1_3	True	True	0.95	23473508	290	6	10	1	6	108
ZJH_N02_1_4	True	True	0.95	20004505	4015	119	10	2	120	547
ZJH_N02_2_2	True	True	0.95	19920454	4037	4	10	1	4	2182
ZJH_N02_2_3	True	True	0.8	9420000	395	1	10	1	1	75
ZJH_N02_2_4	True	True	0.95	21078215	35221	805	10	3	805	6280
ZJH_N03_1_2	True	True	0.95	24744462	4146	38	10	2	38	864
ZJH_N03_1_3	False	True	0.4	23225588	1333	0	10	0	0	347
ZJH_N03_2_2	True	True	0.95	21131356	12198	107	10	1	107	4030
ZJH_N03_2_4	True	True	0.95	23597769	23892	5	10	2	5	1305
ZJH_N04_1_2	True	True	0.8	11924965	8760	1	10	1	1	5781
ZJH_N04_1_3	False	True	0.4	8564510	333	0	10	0	0	140
ZJH_N04_1_4	True	True	0.95	17590770	26098	41	10	5	41	7866
ZJH_N04_2_2	True	True	0.8	17279339	754	1	9	1	1	563
ZJH_N04_2_3	True	True	0.95	9183313	5092	2	10	2	2	1538
ZJH_N04_2_4	True	True	0.95	37373699	32021	24	9	4	24	2569
ZJH_N05_1_2	True	True	0.95	10019784	13757	517	10	1	517	3379
ZJH_N05_1_4	True	True	0.8	23784083	411	1	10	1	1	54
ZJH_N05_2_2	True	True	0.95	15275869	7547	3	10	1	3	4558
ZJH_N05_2_3	True	True	0.95	7103201	6769	93	10	2	93	1743
ZJH_N05_2_4	True	True	0.95	25149056	24776	191	10	5	191	7143
ZJH_N06_1_2	True	True	0.95	8645188	492	3	10	2	3	124
ZJH_N06_1_3	False	True	0.4	10694300	28	0	7	0	0	1
ZJH_N06_1_4	False	False	0.05	26998433	8	0	3	0	0	0
ZJH_N06_2_2	True	True	0.8	15560289	2174	1	10	1	1	1201
ZJH_N06_2_3	False	True	0.4	6906386	75	0	10	0	0	33
ZJH_N06_2_4	True	True	0.95	18095498	18088	319	10	4	319	4327
ZJH_N07_1_2	True	True	0.95	14998491	4911	26	10	1	26	2468
ZJH_N07_1_3	False	True	0.4	12319998	21	0	5	0	0	12
ZJH_N07_1_4	False	True	0.4	25653477	10	0	6	0	0	3
ZJH_N07_2_3	True	True	0.95	10587117	12956	6	9	2	6	722
ZJH_N07_2_4	True	True	0.95	25250239	34183	8	5	3	8	1510
ZJH_N08_1_2	True	True	0.8	24677337	7038	1	10	1	1	4408
ZJH_N08_1_3	True	True	0.95	7858993	732	2	9	2	2	125
ZJH_N08_1_4	False	False	0.05	20221489	20	0	6	0	0	0
ZJH_N08_2_2	True	True	0.95	11661699	5758	5	10	1	5	4107
ZJH_N08_2_3	False	True	0.4	3413535	429	0	10	0	0	143
ZJH_N08_2_4	True	True	0.95	20142089	26979	186	10	2	186	1787
ZJH_N09_1_2	False	True	0.4	18545559	94	0	8	0	0	3
ZJH_N09_1_3	False	True	0.4	25750001	66	0	7	0	0	18
ZJH_N09_2_2	True	True	0.95	7532261	3313	44	10	1	44	554
ZJH_N09_2_4	True	True	0.95	19689509	29213	13	10	4	13	1746
ZJH_N10_1_2	False	True	0.4	9947344	92	0	9	0	0	25
ZJH_N10_1_4	False	False	0.05	27396972	17	0	5	0	0	0
ZJH_N10_2_2	True	True	0.95	7264281	3038	12	10	3	12	1074
ZJH_N10_2_3	True	True	0.95	12301136	5917	8	10	3	8	788
ZJH_N10_2_4	True	True	0.95	26833250	14325	5	9	3	5	1185
ZJH_N11_1_2	True	True	0.8	13723213	339	2	10	1	2	69
ZJH_N11_1_3	False	False	0.05	10620466	23	0	6	0	0	0
ZJH_N11_1_4	True	True	0.8	19212192	186	1	8	1	1	13
ZJH_N11_2_2	True	True	0.95	7683075	2976	19	10	3	19	536
ZJH_N11_2_3	False	True	0.4	4876482	333	0	8	0	0	47
ZJH_N11_2_4	True	True	0.95	19568799	48598	93	8	4	93	4995
ZJH_N12_1_2	True	True	0.95	8569908	6298	85	10	1	85	3344
ZJH_N12_1_3	True	True	0.8	7449920	368	1	5	1	1	60
ZJH_N12_1_4	True	True	0.95	25400104	13574	3	5	2	3	1211
ZJH_N12_2_2	True	True	0.95	13734367	1762	61	10	2	61	171
ZJH_N12_2_4	True	True	0.95	27287530	23861	8	10	5	8	1297
ZJH_N13_1_2	True	True	0.8	6753181	1064	1	9	1	1	93
ZJH_N13_1_3	False	True	0.4	15195702	22	0	5	0	0	3
ZJH_N13_1_4	False	True	0.4	25305232	75	0	5	0	0	1
ZJH_N13_2_2	True	True	0.8	15187518	734	1	10	1	1	227
ZJH_N13_2_3	False	True	0.4	17373057	126	0	9	0	0	34
ZJH_N13_2_4	True	True	0.95	29973153	6998	15	10	5	15	565
ZJH_N14_1_2	False	True	0.4	16985058	253	0	10	0	0	169
ZJH_N14_1_3	False	False	0.05	20190654	7	0	3	0	0	0
ZJH_N14_1_4	True	True	0.95	22988082	11498	432	10	2	432	1955
ZJH_N14_2_2	True	True	0.95	9114712	5416	12	10	2	12	1543
ZJH_N14_2_3	True	True	0.95	11654731	4064	6	10	2	6	2489
ZJH_N14_2_4	True	True	0.95	22739281	15096	22	8	3	22	1332
ZJH_N15_1_2	False	True	0.4	9310245	328	0	9	0	0	39
ZJH_N15_1_4	True	True	0.95	22623533	25636	28	10	5	28	6422
ZJH_N16_1_2	True	True	0.95	7438346	2497	39	10	1	39	191
ZJH_N16_1_3	True	True	0.95	4884310	1640	41	10	1	41	113
ZJH_N16_2_2	True	True	0.95	7342262	5789	32	10	2	32	1032
ZJH_N16_2_3	True	True	0.8	12177428	1378	1	10	1	1	262
ZJH_N16_2_4	True	True	0.95	23350251	30772	25	10	4	25	1388
ZJH_N17_1_2	False	True	0.4	23416188	11835	0	10	0	0	7468
ZJH_N17_1_3	False	True	0.4	24487558	21	0	5	0	0	3
ZJH_N17_1_4	True	True	0.95	19812991	27560	19	9	1	19	5955
ZJH_N17_2_2	True	True	0.95	10225456	1504	6	10	1	6	280
ZJH_N17_2_3	True	True	0.95	20270877	1710	23	10	1	23	77
ZJH_N17_2_4	True	True	0.95	25054080	27322	44	6	3	44	1801
ZJH_N18_1_2	True	True	0.95	16566328	1839	23	10	1	23	250
ZJH_N18_1_3	False	True	0.4	15688067	544	0	10	0	0	142
ZJH_N18_1_4	True	True	0.95	22040743	34824	19	10	4	19	2115
ZJH_N18_2_2	True	True	0.95	9117951	931	12	10	2	12	236
ZJH_N18_2_3	True	True	0.95	15149468	9331	4	10	3	4	3165
ZJH_N18_2_4	True	True	0.95	22649213	16591	172	10	5	172	1561
ZJH_N19_1_2	True	True	0.95	10631478	23246	363	10	1	363	3294
ZJH_N19_1_3	False	True	0.4	7006009	30	0	7	0	0	2
ZJH_N19_1_4	False	False	0.05	26995885	81	0	7	0	0	0
ZJH_N19_2_2	False	True	0.4	8124576	429	0	10	0	0	228
ZJH_N19_2_4	False	True	0.4	21370124	138	0	9	0	0	28
ZJH_N20_1_3	False	True	0.4	6874064	68	0	8	0	0	32
ZJH_N20_1_4	False	True	0.4	27885177	14	0	4	0	0	2
ZJH_N20_2_2	True	True	0.95	9535307	3192	42	10	4	42	775
ZJH_N20_2_3	True	True	0.95	7561259	143	2	10	1	2	43
ZJH_N20_2_4	True	True	0.95	19731556	37485	55	10	6	55	6202
ZJH_N21_1_2	True	True	0.95	6538173	4931	134	10	3	134	778
ZJH_N21_1_4	True	True	0.95	21421479	317	8	7	1	8	34
ZJH_N21_2_2	True	True	0.95	6804703	3758	223	10	3	223	582
ZJH_N21_2_4	True	True	0.95	27021247	48093	44	10	6	44	5799
ZJH_N22_1_3	True	True	0.95	15056793	29662	10	10	3	10	4208
ZJH_N22_1_4	True	True	0.95	27743760	51963	25	10	4	25	6930
ZJH_N22_2_2	True	True	0.95	14820412	8579	24	10	1	24	4428
ZJH_N22_2_3	True	True	0.95	8663735	5272	6	10	2	6	2635
ZJH_N22_2_4	True	True	0.8	19855999	1479	1	8	1	1	333
ZJH_N23_1_2	True	True	0.8	6992894	2516	1	10	1	1	473
ZJH_N23_1_3	True	True	0.6	6876353	157	1	10	1	1	29
ZJH_N23_1_4	True	True	0.95	16781999	971	2	10	2	2	218
ZJH_N23_2_2	True	True	0.95	4265263	2496	4	10	2	4	1494
ZJH_N23_2_3	True	True	0.95	19181639	10984	4	9	2	4	1289
ZJH_N23_2_4	True	True	0.95	25630189	62212	8	10	2	8	9470
ZJH_N24_1_2	True	True	0.8	14088032	1130	1	10	1	1	202
ZJH_N24_1_3	False	True	0.4	11584681	17	0	4	0	0	6
ZJH_N24_1_4	True	True	0.95	21196612	8776	19	10	3	19	1716
ZJH_N24_2_2	True	True	0.95	9138326	649	5	8	2	5	115
ZJH_N24_2_3	True	True	0.8	6903354	1205	1	9	1	1	104
ZJH_N24_2_4	True	True	0.95	19013824	14050	17	5	3	17	1393
ZJH_N25_1_2	True	True	0.95	13186048	3015	4	10	2	4	1726
ZJH_N25_1_3	False	True	0.4	8173935	8	0	4	0	0	16
ZJH_N25_1_4	True	True	0.95	17188466	1033	23	9	4	23	68
ZJH_N25_2_2	True	True	0.95	12250551	7772	4	10	1	4	4048
ZJH_N25_2_4	True	True	0.95	20706227	10529	20	10	4	20	2538
ZJH_N26_1_2	True	True	0.8	9493640	171	4	10	2	4	69
ZJH_N26_1_4	True	True	0.6	22951641	43	2	9	1	2	36
ZJH_N26_2_2	True	True	0.95	11865300	1975	14	10	2	14	1078
ZJH_N26_2_4	True	True	0.95	20757398	1946	2	10	2	2	304
ZJH_N27_1_4	True	True	0.95	31182025	65	10	7	1	10	19
ZJH_N27_2_2	True	True	0.95	7984462	2420	5	10	3	5	942
ZJH_N27_2_3	True	True	0.95	11708824	1300	90	10	5	90	470
ZJH_N27_2_4	True	True	0.95	22944089	6448	304	10	5	304	2538
ZJH_N28_1_2	False	True	0.4	7393564	121	0	8	0	0	6
ZJH_N28_1_4	False	True	0.4	25167481	41	0	10	0	0	7
ZJH_N28_2_2	True	True	0.8	8630259	5142	5	10	3	5	3524
ZJH_N28_2_3	False	True	0.4	9561203	66	0	8	0	0	44
ZJH_N28_2_4	True	True	0.95	21014821	32973	318	10	6	318	7157
ZJH_N29_1_2	True	True	0.95	11122461	522	23	9	1	23	106
ZJH_N29_1_4	False	True	0.4	21745301	166	0	10	0	0	68
ZJH_N30_1_3	False	True	0.4	5725715	216	0	10	0	0	44
ZJH_N30_1_4	True	True	0.95	21587366	27672	2	8	2	2	6776
ZJH_N30_2_3	False	True	0.4	9698972	39	0	9	0	0	30
ZJH_N30_2_4	True	True	0.95	18762220	13594	64	10	6	64	2190
ZJH_N31_1_2	True	True	0.95	12614233	748	22	10	1	22	128
ZJH_N31_1_4	True	True	0.95	20516976	1671	32	9	1	32	245
ZJH_N31_2_2	False	True	0.4	12287291	150	0	9	0	0	35
ZJH_N31_2_3	True	True	0.95	13406997	13540	5	9	2	5	1272
ZJH_N31_2_4	True	True	0.95	22868798	23572	12	8	4	12	2449
ZJH_N32_1_2	True	True	0.95	15226050	9618	12	10	1	12	5308
ZJH_N32_1_4	False	True	0.4	22706966	22576	0	9	0	0	4714
ZJH_N32_2_2	True	True	0.95	9421688	2834	10	10	1	10	1641
ZJH_N32_2_3	False	False	0.05	15796330	25	0	6	0	0	0
ZJH_N32_2_4	False	True	0.4	18753089	95	0	7	0	0	26
ZJH_N33_1_2	True	True	0.95	11484953	1828	26	10	1	26	220
ZJH_N33_1_3	False	True	0.4	6009528	46	0	6	0	0	3
ZJH_N33_1_4	False	False	0.05	23645503	32	0	6	0	0	0
ZJH_N33_2_2	True	True	0.95	11188839	5901	65	10	1	65	4040
ZJH_N33_2_4	True	True	0.95	19599796	3567	12	9	4	12	415
ZJH_N34_1_2	True	True	0.95	10104042	554	14	8	1	14	48
ZJH_N34_1_3	False	False	0.05	13814837	11	0	5	0	0	0
ZJH_N34_1_4	False	False	0.05	26823342	28	0	6	0	0	0
ZJH_N35_1_2	False	True	0.4	9100156	206	0	10	0	0	118
ZJH_N35_1_4	False	True	0.4	20806950	75	0	7	0	0	8
ZJH_N36_1_2	True	True	0.8	13007107	522	1	10	1	1	207
ZJH_N36_1_3	False	True	0.4	16659235	21	0	8	0	0	3
ZJH_N36_1_4	False	True	0.4	28108074	36	0	9	0	0	11
ZJH_N36_2_2	True	True	0.95	7667864	3590	160	10	2	160	630
ZJH_N36_2_3	True	True	0.95	14309707	341	13	7	2	13	76
ZJH_N36_2_4	True	True	0.95	27280504	17220	10	7	3	10	1463
ZJH_N37_1_2	False	True	0.4	9157291	1367	0	10	0	0	808
ZJH_N37_1_3	False	False	0.05	8362517	4	0	1	0	0	0
ZJH_N38_1_2	True	True	0.95	13013879	6892	8	10	1	8	1158
ZJH_N38_1_3	False	True	0.4	8885190	754	0	10	0	0	360
ZJH_N38_1_4	False	False	0.05	23238719	43	0	8	0	0	0
ZJH_N39_1_4	True	True	0.8	27192919	8160	1	10	1	1	1906
ZJH_N39_2_2	True	True	0.95	11897102	7882	20	10	1	20	4650
ZJH_N39_2_3	False	True	0.4	7466336	155	0	5	0	0	19
ZJH_N39_2_4	True	True	0.95	22241034	43659	348	10	1	348	7864
ZJH_N40_1_2	True	True	0.8	7316840	885	1	10	1	1	111
ZJH_N40_1_4	False	True	0.4	26000978	38	0	10	0	0	2
ZJH_N41_1_2	False	False	0.05	6054866	2	0	2	0	0	0
ZJH_N41_1_3	False	True	0.4	12898469	58	0	9	0	0	2
ZJH_N41_1_4	True	True	0.95	16018330	16085	5	7	3	5	2434
ZJH_N42_1_3	False	True	0.4	14328949	27	0	6	0	0	12
ZJH_N42_1_4	True	True	0.95	19773736	652	4	7	1	4	34
ZJH_N42_2_2	True	True	0.95	10531471	666	7	9	2	7	96
ZJH_N42_2_3	True	True	0.95	17139784	9625	8	9	2	8	853
ZJH_N42_2_4	True	True	0.95	21173434	12594	14	7	3	14	940
ZJH_N43_1_2	False	True	0.4	11508280	98	0	1	0	0	5
ZJH_N43_1_3	False	True	0.4	16291681	66	0	9	0	0	16
ZJH_N43_1_4	True	True	0.95	26020805	6143	5	10	2	5	1020
ZJH_N43_2_2	True	True	0.8	15996224	3815	1	10	1	1	317
ZJH_N43_2_3	True	True	0.95	7591795	7455	28	10	2	28	930
ZJH_N43_2_4	True	True	0.95	31406226	5874	33	10	2	33	975
ZJH_N44_1_2	True	True	0.95	14991851	608	4	8	2	4	50
ZJH_N44_1_3	False	True	0.4	9969962	38	0	5	0	0	4
ZJH_N44_1_4	False	False	0.05	16455140	37	0	6	0	0	0
ZJH_N45_1_2	False	True	0.4	11372580	108	0	7	0	0	23
ZJH_N45_1_3	False	False	0.05	8824424	25	0	7	0	0	0
ZJH_N45_1_4	True	True	0.95	22248449	10988	2	9	1	2	1213
ZJH_N45_2_2	True	True	0.95	8340052	11843	157	10	1	157	1825
ZJH_N45_2_3	True	True	0.95	13384665	13483	20	10	3	20	1824
ZJH_N45_2_4	True	True	0.95	28520790	42813	158	10	5	158	2399
ZJH_N46_1_2	True	True	0.95	16296253	2057	19	10	1	19	1058
ZJH_N46_1_4	False	True	0.4	19976502	20	0	5	0	0	2
ZJH_N46_2_2	False	True	0.4	19501218	12083	0	10	0	0	8088
ZJH_N46_2_3	True	True	0.95	16955409	24445	9	10	5	9	1225
ZJH_N46_2_4	True	True	0.95	25939456	35499	19	10	5	19	1598
ZJH_N47_1_2	True	True	0.95	15803084	2164	4	10	1	4	405
ZJH_N47_1_3	True	True	0.6	15385380	25	1	4	1	1	10
ZJH_N47_1_4	False	True	0.4	18716663	79	0	10	0	0	34
ZJH_N47_2_2	False	True	0.4	10799494	669	0	10	0	0	116
ZJH_N47_2_3	False	True	0.4	11450573	70	0	10	0	0	60
ZJH_N47_2_4	True	True	0.95	21809477	59	6	6	1	6	13
ZJH_N48_1_3	True	True	0.95	9439420	6334	15	10	2	15	482
ZJH_N48_1_4	True	True	0.8	21803558	1734	2	9	1	2	122
ZJH_N48_2_2	True	True	0.95	13803965	1692	14	10	1	14	224
ZJH_N48_2_4	True	True	0.95	30330777	36999	23	10	6	23	8075
ZJH_N49_1_2	True	True	0.95	12354742	4652	17	10	3	17	758
ZJH_N49_1_3	False	True	0.4	10262318	4	0	1	0	0	3
ZJH_N49_1_4	False	True	0.4	21763617	74	0	10	0	0	44
ZJH_N49_2_2	True	True	0.95	7884724	771	5	10	1	5	230
ZJH_N49_2_4	True	True	0.95	26302324	26446	16	8	5	16	3229
ZJH_N50_1_2	False	False	0.05	9277504	11	0	5	0	0	0
ZJH_N50_1_3	True	True	0.95	14494434	7851	12	10	3	12	829
ZJH_N50_1_4	True	True	0.95	19737720	8968	9	8	2	9	766
ZJH_N50_2_2	True	True	0.95	12700559	1744	8	10	1	8	793
ZJH_N50_2_3	True	True	0.95	17882729	18472	14	10	6	14	6930
ZJH_N50_2_4	True	True	0.95	29735723	14055	8	10	4	8	1643
ZJH_N51_1_2	True	True	0.95	14367641	2810	15	10	3	15	968
ZJH_N51_1_3	True	True	0.95	16173592	8590	6	9	3	6	817
ZJH_N51_1_4	True	True	0.95	25965784	14068	17	9	4	17	1568
ZJH_N51_2_3	True	True	0.95	20394354	21050	12	10	5	12	11465
ZJH_N51_2_4	True	True	0.95	25503943	17962	21	10	3	21	1732
ZJH_N52_1_2	True	True	0.8	12017944	123	5	7	1	5	32
ZJH_N52_1_3	False	False	0.05	9441551	11	0	3	0	0	0
ZJH_N52_1_4	True	True	0.95	22823050	24574	836	10	3	836	4261
ZJH_N52_2_2	True	True	0.95	5490130	7832	48	10	1	48	1324
ZJH_N52_2_3	True	True	0.95	14877580	811	31	8	1	31	106
ZJH_N52_2_4	True	True	0.95	17918758	5659	166	10	4	166	718
ZJH_N53_1_4	True	True	0.95	24078914	25652	324	10	5	326	7457
ZJH_N53_2_2	True	True	0.8	8739501	3531	1	10	1	1	642
ZJH_N53_2_3	True	True	0.95	11057411	3313	8	10	2	8	683
ZJH_N53_2_4	True	True	0.95	19612190	13499	18	10	4	18	1830
ZJH_N54_1_2	True	True	0.95	12268506	35149	21	10	1	21	5899
ZJH_N54_1_3	True	True	0.8	9904464	700	1	5	1	1	122
ZJH_N54_1_4	True	True	0.95	20582561	526	13	10	1	13	69
ZJH_N54_2_2	True	True	0.8	7347155	1097	1	10	1	1	211
ZJH_N54_2_3	True	True	0.95	8207382	341	3	9	1	3	54
ZJH_N54_2_4	True	True	0.95	24334716	9190	273	10	2	273	1349
ZJH_N55_1_2	True	True	0.8	13220515	1627	1	10	1	1	566
ZJH_N55_1_3	True	True	0.95	9982136	5249	2	10	2	2	1645
ZJH_N55_1_4	True	True	0.95	17932807	37915	53	10	3	53	10734
ZJH_N55_2_2	True	True	0.95	11507402	6177	14	10	5	14	1758
ZJH_N55_2_3	True	True	0.95	13902032	192	39	10	3	39	105
ZJH_N55_2_4	True	True	0.95	25747785	20831	1931	10	5	1931	8207
ZJH_N56_1_2	True	True	0.95	13093487	111	7	7	1	7	16
ZJH_N56_1_3	False	False	0.05	14741757	4	0	3	0	0	0
ZJH_N56_1_4	False	True	0.4	20239414	42	0	6	0	0	8
ZJH_N56_2_2	True	True	0.95	9919520	15415	98	10	4	98	3018
ZJH_N56_2_3	True	True	0.95	13125676	114	17	5	1	17	66
ZJH_N56_2_4	True	True	0.95	21742230	11669	271	10	6	271	4025
ZJH_N57_1_2	True	True	0.95	9280612	845	2	6	1	2	133
ZJH_N57_1_3	False	True	0.4	12497356	76	0	8	0	0	5
ZJH_N57_1_4	True	True	0.95	20751444	12166	462	7	4	462	2565
ZJH_N58_1_2	False	True	0.4	6075534	2439	0	10	0	0	199
ZJH_N58_1_3	False	True	0.4	6353408	1103	0	5	0	0	72
ZJH_N58_1_4	True	True	0.95	19000168	18042	235	10	4	235	1888
ZJH_N58_2_2	True	True	0.95	10924577	670	15	10	2	15	99
ZJH_N58_2_3	True	True	0.95	13549000	2337	220	10	6	220	980
ZJH_N58_2_4	True	True	0.95	20158651	22722	416	10	5	416	9976
ZJH_N59_1_2	False	True	0.4	13566069	182	0	6	0	0	44
ZJH_N59_1_3	True	True	0.95	13262235	18429	10	10	4	10	740
ZJH_N59_1_4	True	True	0.95	17835671	28202	12	8	2	12	1253
ZJH_N59_2_3	False	True	0.4	11073461	6662	0	7	0	0	425
ZJH_N59_2_4	True	True	0.95	16487109	10657	11	4	3	11	560
