sample_name	total_genes	amr_genes	stress_genes	unique_amr_genes	unique_stress_genes	total_amr_reads	total_stress_reads	total_amr_rpm	total_stress_rpm	high_conf_amr	num_drug_classes	soxS_rpm	recA_rpm
N01_1_2	97	96	1	96	1	18867	14	165.61104774	0.0850192	33	17	0.0850192	0.0
N01_1_3	135	134	1	134	1	18423	7	157.73941759	0.0364513	56	19	0.0364513	0.0
N01_1_4	133	132	1	132	1	309312	195	2426.95229683	1.01238	92	17	1.01238	0.0
N01_2_2	130	129	1	129	1	73667	69	737.4780004400001	0.473973	67	20	0.473973	0.0
N01_2_3	160	158	2	158	2	131104	48	1081.0418055300001	0.2918328	105	19	0.276664	0.0
N01_2_4	179	176	3	176	3	415079	11	4014.3177633200003	0.0732997	120	21	0.0	0.0
N02_1_2	130	129	1	129	1	30840	60	333.82678983	0.385031	66	19	0.385031	0.0
N02_1_3	73	72	1	72	1	3462	2	47.83215940999998	0.0170559	16	14	0.0170559	0.0
N02_1_4	78	75	3	75	3	100525	82	619.50309264	0.4567367	33	16	0.347947	0.0
N02_2_2	169	168	1	168	1	21593	7	250.08001927	0.0518039	97	21	0.0518039	0.0
N02_2_3	162	161	1	161	1	60248	2	480.65159825	0.0129662	88	19	0.0129662	0.0
N02_2_4	163	161	2	161	2	338392	14	2384.6549954800003	0.0763811	110	22	0.0239658	0.0
N03_1_4	82	81	1	81	1	93147	26	563.08441332	0.140449	38	16	0.140449	0.0
N03_2_2	103	103	0	103	0	12793	0	184.96534477999998	0.0	46	20	0.0	0.0
N03_2_3	114	113	1	113	1	5992	6	63.8487861	0.0445489	56	18	0.0445489	0.0
N03_2_4	123	122	1	122	1	84856	2	804.86079931	0.0160811	77	18	0.0160811	0.0
N04_1_2	124	123	1	123	1	25925	2	441.9651423600001	0.0398319	60	22	0.0	0.0
N04_1_3	137	137	0	137	0	21321	0	1007.0854406999999	0.0	90	21	0.0	0.0
N04_1_4	92	91	1	91	1	66759	4	1024.15102491	0.432427	45	19	0.0	0.0
N04_2_2	119	119	0	119	0	14447	0	325.1930898099999	0.0	44	20	0.0	0.0
N04_2_3	117	116	1	116	1	25344	2	472.84389293	0.0374107	44	18	0.0	0.0
N04_2_4	88	88	0	88	0	75010	0	1148.50300087	0.0	38	15	0.0	0.0
N05_1_2	114	113	1	113	1	19320	4	529.72252202	0.0712189	39	18	0.0712189	0.0
N05_1_3	95	95	0	95	0	9921	0	434.92882606000006	0.0	29	14	0.0	0.0
N05_1_4	82	81	1	81	1	83267	2	1015.2040971	0.0206558	46	14	0.0206558	0.0
N05_2_2	136	136	0	136	0	29304	0	498.63915297000005	0.0	60	20	0.0	0.0
N05_2_3	165	164	1	164	1	99529	2	1247.54737705	0.0210092	92	22	0.0210092	0.0
N05_2_4	133	133	0	133	0	96620	0	1492.50122001	0.0	83	19	0.0	0.0
N06_1_2	115	114	1	114	1	71689	78	919.4988217999999	0.652905	50	21	0.652905	0.0
N06_1_3	134	133	1	133	1	62606	1	1184.2229997000002	0.013708	79	19	0.0	0.0
N06_1_4	123	122	1	122	1	115332	4	2639.60971967	0.0759231	78	17	0.0759231	0.0
N07_1_2	76	76	0	76	0	19144	0	684.5381521000002	0.0	31	17	0.0	0.0
N07_1_3	112	111	1	111	1	36196	14	830.2312926400001	0.208505	44	17	0.208505	0.0
N07_1_4	66	65	1	65	1	44345	2	1024.3157371	0.0349564	32	14	0.0349564	0.0
N07_2_2	109	108	1	108	1	12463	2	370.60295947	0.035674	35	19	0.035674	0.0
N07_2_3	157	156	1	156	1	135978	2	3492.7636008700006	0.0313189	99	20	0.0313189	0.0
N07_2_4	143	143	0	143	0	205152	0	10239.08916705	0.0	84	20	0.0	0.0
N08_1_2	116	115	1	115	1	70024	42	895.5941268800002	0.361656	45	20	0.361656	0.0
N08_1_3	114	114	0	114	0	34809	0	708.3301164200001	0.0	50	19	0.0	0.0
N08_1_4	69	68	1	68	1	96111	12	1389.99538329	0.134885	32	14	0.134885	0.0
N08_2_2	123	122	1	122	1	37172	6	586.23496227	0.0727402	81	18	0.0727402	0.0
N08_2_3	124	124	0	124	0	47779	0	748.6301394300001	0.0	71	17	0.0	0.0
N08_2_4	123	123	0	123	0	218794	0	5442.615252999999	0.0	86	19	0.0	0.0
N09_1_2	100	99	1	99	1	27989	8	921.9750436600001	0.150407	51	15	0.150407	0.0
N09_1_3	126	126	0	126	0	17697	0	396.07286758	0.0	57	19	0.0	0.0
N09_1_4	49	49	0	49	0	15236	0	334.9469435799999	0.0	4	10	0.0	0.0
N09_2_2	105	104	1	104	1	17440	2	345.430588	0.0244335	40	17	0.0244335	0.0
N09_2_3	78	78	0	78	0	16571	0	331.12725256000016	0.0	14	13	0.0	0.0
N09_2_4	130	129	1	129	1	247494	3	6466.41913946	0.0535865	84	17	0.0	0.0
N10_1_2	114	113	1	113	1	17734	4	472.12293386	0.0651824	36	19	0.0651824	0.0
N10_1_3	148	145	3	145	3	105456	15	1409.07204417	0.1788919	84	21	0.147071	0.0
N10_1_4	106	104	2	104	2	89297	54	1890.7293714000002	0.9181711	51	14	0.895561	0.0
N10_2_2	94	93	1	93	1	22533	2	369.48867225	0.0216319	40	18	0.0216319	0.0
N10_2_3	125	124	1	124	1	71139	2	937.5351990699999	0.0239916	57	16	0.0239916	0.0
N10_2_4	96	96	0	96	0	54263	0	1237.2083279	0.0	40	15	0.0	0.0
N11_1_2	132	132	0	132	0	38507	0	609.45169971	0.0	69	21	0.0	0.0
N11_1_3	80	80	0	80	0	14232	0	413.83481631999996	0.0	22	16	0.0	0.0
N11_1_4	76	75	1	75	1	94533	22	1813.0081731999999	0.300751	37	14	0.300751	0.0
N11_2_2	129	128	1	128	1	45260	6	662.0351664500001	0.063285	62	18	0.063285	0.0
N11_2_3	163	163	0	163	0	67291	0	2623.11168686	0.0	104	20	0.0	0.0
N11_2_4	156	156	0	156	0	167826	0	4898.6499148	0.0	103	19	0.0	0.0
N12_1_2	143	142	1	142	1	91467	2	1654.14594764	0.0216165	68	22	0.0216165	0.0
N12_1_3	132	132	0	132	0	54422	0	843.0837333300001	0.0	86	22	0.0	0.0
N12_1_4	131	131	0	131	0	54161	0	857.53790284	0.0	78	19	0.0	0.0
N13_1_2	60	60	0	60	0	15465	0	397.32244949	0.0	15	17	0.0	0.0
N13_1_3	161	160	1	160	1	22772	2	375.58410299999997	0.0342431	80	21	0.0	0.0
N13_1_4	71	71	0	71	0	33385	0	602.42612911	0.0	31	14	0.0	0.0
N13_2_2	147	147	0	147	0	54486	0	849.0591102400001	0.0	91	21	0.0	0.0
N13_2_3	124	124	0	124	0	15880	0	412.0020937200001	0.0	57	17	0.0	0.0
N13_2_4	138	134	4	134	4	329331	7	4133.91474532	0.07153222000000001	78	18	0.0	0.0
N14_1_2	124	123	1	123	1	24400	3	427.08669430000003	0.0299798	58	20	0.0299798	0.0
N14_1_3	114	114	0	114	0	11891	0	261.5884522	0.0	46	15	0.0	0.0
N14_1_4	125	125	0	125	0	19722	0	653.04163716	0.0	72	16	0.0	0.0
N14_2_2	158	158	0	158	0	22821	0	269.19297783	0.0	71	23	0.0	0.0
N14_2_3	178	178	0	178	0	37438	0	644.01326695	0.0	116	23	0.0	0.0
N14_2_4	153	153	0	153	0	49120	0	1217.264295	0.0	111	19	0.0	0.0
N15_1_2	139	138	1	138	1	36049	8	520.58477563	0.0762671	65	21	0.0762671	0.0
N15_1_3	150	150	0	150	0	19882	0	408.12624302000006	0.0	58	21	0.0	0.0
N15_1_4	174	173	1	173	1	115064	2	2233.24113232	0.0301411	113	21	0.0301411	0.0
N15_2_2	124	124	0	124	0	9517	0	297.56993489999996	0.0	40	18	0.0	0.0
N15_2_3	164	164	0	164	0	216112	0	3906.0509646399996	0.0	105	19	0.0	0.0
N15_2_4	147	147	0	147	0	84323	0	3950.9480544	0.0	98	19	0.0	0.0
N16_1_2	99	99	0	99	0	20340	0	460.22028024	0.0	37	17	0.0	0.0
N16_1_3	139	139	0	139	0	26246	0	786.3681381900001	0.0	86	19	0.0	0.0
N16_1_4	140	139	1	139	1	87332	4	1848.8103317900002	0.0642735	90	17	0.0642735	0.0
N16_2_2	136	136	0	136	0	29840	0	450.89429358999996	0.0	52	20	0.0	0.0
N16_2_3	171	170	1	170	1	188316	2	3043.51647624	0.0379703	117	20	0.0	0.0
N16_2_4	159	159	0	159	0	166372	0	3555.6870177	0.0	110	18	0.0	0.0
N17_1_2	134	134	0	134	0	26596	0	529.49924736	0.0	71	19	0.0	0.0
N17_1_3	151	147	4	147	4	140173	6	1787.47324003	0.09922598999999999	91	20	0.0	0.0
N17_1_4	132	130	2	130	2	239698	6	3835.49527779	0.07865349	75	19	0.0706505	0.0
N17_2_2	145	145	0	145	0	7147	0	405.49992977	0.0	66	20	0.0	0.0
N17_2_3	152	151	1	151	1	25241	3	1763.355048	0.147559	91	20	0.147559	0.0
N17_2_4	119	119	0	119	0	6576	0	3754.3482513999998	0.0	74	17	0.0	0.0
N18_1_2	87	87	0	87	0	16286	0	276.90347248	0.0	30	18	0.0	0.0
N18_1_3	103	103	0	103	0	13399	0	176.81484572	0.0	25	19	0.0	0.0
N18_1_4	91	90	1	90	1	146654	11	2020.11492826	0.119829	43	17	0.119829	0.0
N18_2_2	125	124	1	124	1	25761	6	555.16744146	0.0880573	56	21	0.0880573	0.0
N18_2_3	91	91	0	91	0	5720	0	274.52709269999997	0.0	29	13	0.0	0.0
N18_2_4	117	117	0	117	0	4286	0	2167.521371	0.0	67	18	0.0	0.0
N19_1_2	125	123	2	123	2	52071	4	921.25814151	0.0709988	60	20	0.0238814	0.0471174
N19_1_3	144	143	1	143	1	85224	2	2262.38729988	0.0338776	83	20	0.0338776	0.0
N19_1_4	143	143	0	143	0	209887	0	5604.672773480001	0.0	93	19	0.0	0.0
N19_2_2	130	129	1	129	1	32264	5	401.80919906	0.0427871	56	19	0.0427871	0.0
N19_2_3	163	162	1	162	1	67531	28	1323.3517882800002	0.342278	105	20	0.342278	0.0
N19_2_4	149	149	0	149	0	22636	0	2711.0097285	0.0	95	21	0.0	0.0
N20_1_2	55	55	0	55	0	10748	0	165.17585098	0.0	11	13	0.0	0.0
N20_1_3	136	135	1	135	1	45426	6	602.6957161	0.0505177	68	20	0.0505177	0.0
N20_1_4	144	143	1	143	1	150462	169	1915.3162059099996	1.4162	64	19	1.4162	0.0
N20_2_2	118	117	1	117	1	20443	2	318.5897249100001	0.0213136	47	18	0.0213136	0.0
N20_2_3	64	64	0	64	0	3810	0	220.82366764	0.0	11	10	0.0	0.0
N20_2_4	111	111	0	111	0	32403	0	4167.1208068000005	0.0	67	15	0.0	0.0
N21_1_2	157	156	1	156	1	59814	1	851.8777428999999	0.010585	91	20	0.010585	0.0
N21_1_3	190	187	3	187	3	271596	12	3416.07444388	0.15483750000000002	127	21	0.0890334	0.0
N21_1_4	146	145	1	145	1	99142	2	4516.1463452	0.123032	97	15	0.0	0.0
N21_2_2	159	158	1	158	1	34291	1	754.0931056900001	0.0171414	93	21	0.0171414	0.0
N21_2_3	135	135	0	135	0	77427	0	6055.038604099999	0.0	84	14	0.0	0.0
N21_2_4	151	151	0	151	0	127103	0	5667.156126899999	0.0	93	16	0.0	0.0
N22_1_2	128	128	0	128	0	19109	0	433.67080161000007	0.0	56	15	0.0	0.0
N22_1_3	150	150	0	150	0	55173	0	588.3632739299999	0.0	83	20	0.0	0.0
N22_1_4	109	107	2	107	2	240526	6	4456.211703499999	0.0924139	63	15	0.0	0.0
N22_2_2	136	135	1	135	1	25789	24	702.09984351	0.43264	70	20	0.43264	0.0
N22_2_3	159	158	1	158	1	132638	2	3048.32467247	0.0364687	96	19	0.0364687	0.0
N22_2_4	141	141	0	141	0	26451	0	3321.2466571	0.0	82	15	0.0	0.0
N23_1_4	59	58	1	58	1	26479	27	1549.8452403000001	0.954032	34	14	0.954032	0.0
N23_2_2	143	142	1	142	1	69212	5	1106.9175433200003	0.0567519	83	20	0.0567519	0.0
N23_2_3	171	170	1	170	1	206533	2	1789.59244373	0.0127636	92	21	0.0127636	0.0
N23_2_4	120	119	1	119	1	128241	2	4106.2627394	0.0436199	70	17	0.0	0.0
N24_1_2	63	63	0	63	0	13032	0	237.14799078000004	0.0	18	15	0.0	0.0
N24_1_3	119	119	0	119	0	16805	0	327.94529402999996	0.0	64	18	0.0	0.0
N24_1_4	137	135	2	135	2	183285	6	3463.3956949600006	0.0829819	88	18	0.0301789	0.0
N24_2_3	155	153	2	153	2	272821	6	4068.0094354199996	0.0615837	100	20	0.0480018	0.0
N24_2_4	140	140	0	140	0	42318	0	3156.9929875999997	0.0	77	18	0.0	0.0
N25_1_2	150	149	1	149	1	42796	13	608.17542681	0.119276	82	19	0.119276	0.0
N25_1_3	123	123	0	123	0	15062	0	391.70688938999996	0.0	55	18	0.0	0.0
N25_1_4	132	132	0	132	0	196572	0	5190.0170058	0.0	90	18	0.0	0.0
N25_2_2	160	159	1	159	1	49569	1	791.14882055	0.0123107	98	20	0.0123107	0.0
N25_2_3	72	72	0	72	0	8135	0	243.78597596	0.0	7	15	0.0	0.0
N25_2_4	122	122	0	122	0	60679	0	3138.1206474	0.0	78	17	0.0	0.0
N26_1_4	111	110	1	110	1	17738	2	1277.7131315000001	0.114444	65	18	0.114444	0.0
N27_1_2	149	147	2	147	2	49589	3	613.24198223	0.033757800000000004	76	20	0.0169937	0.0167641
N27_1_3	154	154	0	154	0	43778	0	549.5758043599999	0.0	91	19	0.0	0.0
N27_1_4	101	101	0	101	0	47549	0	3124.5750538	0.0	58	12	0.0	0.0
N27_2_3	148	148	0	148	0	204994	0	2262.52145753	0.0	93	21	0.0	0.0
N27_2_4	130	130	0	130	0	37558	0	2686.1511511	0.0	79	16	0.0	0.0
N28_1_2	113	112	1	112	1	11620	3	664.3570554	0.120393	72	16	0.120393	0.0
N28_1_3	78	78	0	78	0	3688	0	246.26111459999996	0.0	17	13	0.0	0.0
N28_1_4	113	112	1	112	1	64591	2	3780.2823251000004	0.0767706	63	13	0.0	0.0
N28_2_3	158	157	1	157	1	497445	20	3821.8207875400003	0.114294	102	22	0.114294	0.0
N28_2_4	110	109	1	109	1	48218	2	5521.838014599999	0.149329	70	16	0.0	0.0
N29_1_2	62	62	0	62	0	6073	0	222.86313400999995	0.0	15	14	0.0	0.0
N29_1_3	137	136	1	136	1	16691	1	349.91077762	0.0225669	68	21	0.0	0.0
N29_1_4	136	134	2	134	2	30392	9	1088.9625868	0.22800130000000002	71	18	0.199244	0.0
N29_2_2	138	138	0	138	0	59770	0	865.2267318300001	0.0	65	21	0.0	0.0
N29_2_3	178	177	1	177	1	75679	4	696.7914641	0.0242755	102	20	0.0242755	0.0
N29_2_4	159	159	0	159	0	22668	0	1303.2920828	0.0	102	19	0.0	0.0
N30_1_2	46	46	0	46	0	3076	0	450.205522	0.0	16	12	0.0	0.0
N30_1_3	68	68	0	68	0	16419	0	1018.1246003999998	0.0	26	14	0.0	0.0
N30_1_4	67	67	0	67	0	6434	0	608.134541	0.0	30	15	0.0	0.0
N30_2_2	105	105	0	105	0	40258	0	552.49606946	0.0	36	19	0.0	0.0
N30_2_4	101	100	1	100	1	37861	12	1221.8680134800004	0.281423	51	16	0.281423	0.0
N31_1_2	116	115	1	115	1	84823	16	1050.1530809399999	0.132669	40	18	0.132669	0.0
N31_1_3	135	135	0	135	0	34357	0	448.13341369	0.0	42	20	0.0	0.0
N31_1_4	155	155	0	155	0	31304	0	4959.8719335000005	0.0	106	22	0.0	0.0
N31_2_2	142	142	0	142	0	126422	0	982.61276762	0.0	93	18	0.0	0.0
N31_2_4	173	173	0	173	0	560296	0	4717.13346045	0.0	108	19	0.0	0.0
N32_1_2	53	53	0	53	0	2087	0	764.2585250000001	0.0	18	14	0.0	0.0
N32_1_3	116	115	1	115	1	55854	3	764.2495644100001	0.0253439	34	16	0.0253439	0.0
N32_1_4	125	125	0	125	0	12236	0	955.5306838299998	0.0	77	18	0.0	0.0
N32_2_3	167	165	2	165	2	177830	5	1994.9111160100001	0.0394227	104	22	0.0249003	0.0
N32_2_4	164	164	0	164	0	221921	0	6488.4326045	0.0	108	21	0.0	0.0
N33_1_3	136	135	1	135	1	58070	5	1542.21032613	0.0969782	81	18	0.0969782	0.0
N33_1_4	64	64	0	64	0	6898	0	436.65821145	0.0	6	12	0.0	0.0
N33_2_3	127	127	0	127	0	43976	0	2413.6244176000005	0.0	69	17	0.0	0.0
N33_2_4	104	104	0	104	0	164883	0	8516.2515232	0.0	63	13	0.0	0.0
N34_1_2	52	52	0	52	0	2885	0	356.98382380000015	0.0	5	11	0.0	0.0
N34_1_3	50	50	0	50	0	3716	0	332.16407430000004	0.0	1	9	0.0	0.0
N34_1_4	86	86	0	86	0	17739	0	514.2404525100002	0.0	19	15	0.0	0.0
N34_2_2	136	135	1	135	1	47077	6	556.8643234200001	0.0434346	42	20	0.0434346	0.0
N34_2_3	172	171	1	171	1	73294	2	955.73631835	0.018472	92	21	0.018472	0.0
N35_1_2	86	85	1	85	1	14698	4	1421.1932556999998	0.230528	29	17	0.230528	0.0
N35_1_3	54	54	0	54	0	7480	0	333.7611126	0.0	13	12	0.0	0.0
N35_1_4	95	94	1	94	1	94965	31	2581.86798504	0.536959	58	16	0.536959	0.0
N35_2_2	140	140	0	140	0	30288	0	383.39332463000005	0.0	42	17	0.0	0.0
N35_2_3	147	147	0	147	0	39591	0	679.6126843	0.0	76	21	0.0	0.0
N36_1_2	75	74	1	74	1	9185	3	956.8603337999998	0.183151	27	16	0.183151	0.0
N36_1_3	78	78	0	78	0	3525	0	548.4919814	0.0	29	17	0.0	0.0
N36_1_4	115	114	1	114	1	120245	11	3357.3472002999997	0.255971	69	16	0.255971	0.0
N36_2_2	129	128	1	128	1	39145	1	546.20993851	0.00860268	41	20	0.00860268	0.0
N36_2_3	140	140	0	140	0	265342	0	2680.12881613	0.0	83	19	0.0	0.0
N37_1_2	108	108	0	108	0	32225	0	414.48815378000006	0.0	31	18	0.0	0.0
N37_1_3	103	103	0	103	0	26925	0	385.30495188	0.0	30	17	0.0	0.0
N38_1_2	154	154	0	154	0	37939	0	973.1037728900001	0.0	98	22	0.0	0.0
N38_1_3	119	119	0	119	0	30621	0	836.2933284	0.0	58	18	0.0	0.0
N38_1_4	87	86	1	86	1	19013	16	2825.7636199999997	1.36138	30	13	1.36138	0.0
N38_2_2	148	148	0	148	0	50802	0	597.4556924900002	0.0	65	21	0.0	0.0
N38_2_3	115	115	0	115	0	29519	0	3048.8545874	0.0	77	18	0.0	0.0
N38_2_4	116	116	0	116	0	304055	0	3502.19644882	0.0	79	15	0.0	0.0
N39_1_2	141	141	0	141	0	85171	0	590.6161651599999	0.0	49	20	0.0	0.0
N39_1_3	150	150	0	150	0	26848	0	890.0160097	0.0	78	19	0.0	0.0
N39_1_4	131	131	0	131	0	646556	0	5018.493341540001	0.0	68	14	0.0	0.0
N39_2_2	181	181	0	181	0	38899	0	739.6611471800001	0.0	114	21	0.0	0.0
N39_2_3	182	181	1	181	1	631320	3	9096.27047415	0.0302839	119	21	0.0302839	0.0
N39_2_4	151	151	0	151	0	853411	0	8450.394886099999	0.0	105	18	0.0	0.0
N40_1_2	116	115	1	115	1	72370	2	690.42152217	0.0115119	39	18	0.0115119	0.0
N40_1_3	127	127	0	127	0	59965	0	397.49568953	0.0	41	16	0.0	0.0
N40_1_4	165	164	1	164	1	668995	3	5164.40847961	0.0130584	98	20	0.0130584	0.0
N40_2_2	142	141	1	141	1	117704	10	1791.81758746	0.100845	75	21	0.100845	0.0
N40_2_3	153	153	0	153	0	300146	0	3213.15629292	0.0	90	23	0.0	0.0
N41_1_2	132	132	0	132	0	20305	0	563.9848834	0.0	54	16	0.0	0.0
N41_1_3	158	158	0	158	0	879573	0	8243.771655019998	0.0	98	19	0.0	0.0
N41_1_4	140	140	0	140	0	1087604	0	8772.38213057	0.0	83	15	0.0	0.0
N41_2_2	151	150	1	150	1	34450	5	748.6913523800001	0.0712736	74	20	0.0712736	0.0
N41_2_3	182	182	0	182	0	755416	0	7842.795570620001	0.0	119	22	0.0	0.0
N42_1_2	134	134	0	134	0	79791	0	652.244931729	0.0	35	17	0.0	0.0
N42_1_4	164	163	1	163	1	302415	89	2400.2631177399994	0.415105	67	19	0.415105	0.0
N42_2_2	136	135	1	135	1	125101	20	1597.04440966	0.166388	64	19	0.166388	0.0
N42_2_3	156	154	2	154	2	404675	6	3693.5789487	0.0717363	101	21	0.0237416	0.0
N43_1_2	147	147	0	147	0	35075	0	522.6175878900001	0.0	64	19	0.0	0.0
N43_1_3	163	163	0	163	0	94569	0	1107.5082123999998	0.0	90	17	0.0	0.0
N43_2_2	165	164	1	164	1	158828	7	2258.18781801	0.078011	99	23	0.078011	0.0
N43_2_3	197	196	1	196	1	328384	2	3598.0365089999996	0.0200494	143	21	0.0200494	0.0
N44_1_2	103	102	1	102	1	154675	27	2161.07002676	0.24567	34	16	0.24567	0.0
N44_1_3	80	80	0	80	0	13796	0	257.84450513	0.0	15	16	0.0	0.0
N44_2_2	163	162	1	162	1	86779	10	1142.05012434	0.0907554	91	21	0.0907554	0.0
N44_2_3	153	153	0	153	0	29403	0	513.62965375	0.0	88	21	0.0	0.0
N45_1_2	159	159	0	159	0	86646	0	891.87041995	0.0	60	20	0.0	0.0
N45_1_3	158	156	2	156	2	262213	4	3760.88954405	0.0617169	81	19	0.0417228	0.0
N45_1_4	160	160	0	160	0	211623	0	4584.29343807	0.0	89	20	0.0	0.0
N45_2_2	159	159	0	159	0	71432	0	974.53907727	0.0	91	22	0.0	0.0
N45_2_3	163	163	0	163	0	123594	0	1874.4684810800002	0.0	97	21	0.0	0.0
N46_1_2	129	128	1	128	1	92526	24	1394.2092441900002	0.233371	57	19	0.233371	0.0
N46_1_3	122	120	2	120	2	30452	3	444.72902165999994	0.02402578	30	18	0.017435	0.0
N46_2_2	187	186	1	186	1	61926	12	720.8138763200001	0.0926792	94	24	0.0926792	0.0
N46_2_3	184	183	1	183	1	382415	21	2767.5051799799994	0.124193	118	24	0.124193	0.0
N46_2_4	140	139	1	139	1	302212	1	3000.2184851599995	0.00873064	88	18	0.00873064	0.0
N47_1_2	161	161	0	161	0	56980	0	631.1734458000001	0.0	71	23	0.0	0.0
N47_1_3	173	172	1	172	1	105840	17	1143.7876326	0.118933	80	21	0.118933	0.0
N47_2_2	142	141	1	141	1	48221	2	629.92025182	0.0170384	59	22	0.0170384	0.0
N47_2_3	186	185	1	185	1	208900	5	2262.3800137400003	0.0384288	120	22	0.0384288	0.0
N47_2_4	160	160	0	160	0	288441	0	3823.6439724399997	0.0	105	20	0.0	0.0
N48_1_2	160	159	1	159	1	178264	29	1934.5067903899999	0.197045	63	22	0.197045	0.0
N48_1_3	164	163	1	163	1	112490	26	1709.80663757	0.255119	86	21	0.255119	0.0
N48_2_2	133	132	1	132	1	121756	12	1366.62950678	0.0933744	53	20	0.0933744	0.0
N48_2_3	185	184	1	184	1	330589	5	4023.5945347200004	0.0455793	122	22	0.0455793	0.0
N48_2_4	160	159	1	159	1	180143	4	3899.4336923599994	0.0650707	110	19	0.0650707	0.0
N49_1_2	102	101	1	101	1	26874	1	493.5581564999999	0.0115271	35	17	0.0115271	0.0
N49_1_3	101	101	0	101	0	17764	0	258.84295325	0.0	24	15	0.0	0.0
N49_1_4	140	139	1	139	1	78513	10	2270.7447895	0.188853	81	18	0.188853	0.0
N49_2_2	188	188	0	188	0	37524	0	510.81926014	0.0	105	22	0.0	0.0
N49_2_3	158	158	0	158	0	128467	0	2154.38906866	0.0	82	17	0.0	0.0
N49_2_4	159	159	0	159	0	540226	0	8569.3833832	0.0	101	17	0.0	0.0
N50_1_2	79	79	0	79	0	18021	0	312.49034108999996	0.0	13	14	0.0	0.0
N50_1_3	142	142	0	142	0	27740	0	440.53193192000003	0.0	70	19	0.0	0.0
N50_2_2	171	170	1	170	1	58863	1	702.62006499	0.00880612	85	21	0.00880612	0.0
N50_2_3	181	181	0	181	0	371255	0	4698.019586630001	0.0	113	22	0.0	0.0
N50_2_4	169	169	0	169	0	828275	0	8968.40786104	0.0	120	22	0.0	0.0
N51_1_2	158	157	1	157	1	85052	16	1074.99908616	0.13171	48	19	0.13171	0.0
N51_1_3	131	131	0	131	0	22612	0	372.26477732000006	0.0	56	16	0.0	0.0
N51_1_4	131	131	0	131	0	22391	0	348.90763230000005	0.0	42	16	0.0	0.0
N51_2_2	107	107	0	107	0	15168	0	279.81277574999996	0.0	32	14	0.0	0.0
N51_2_3	143	143	0	143	0	40868	0	1259.5084441000001	0.0	93	17	0.0	0.0
N51_2_4	153	153	0	153	0	340716	0	7643.942045719999	0.0	99	17	0.0	0.0
N52_1_2	108	108	0	108	0	19579	0	351.1311460200002	0.0	20	18	0.0	0.0
N52_1_3	173	172	1	172	1	113792	15	1418.9390014599999	0.115383	99	17	0.115383	0.0
N52_1_4	154	153	1	153	1	1106053	4	7461.33769581	0.0205226	89	18	0.0205226	0.0
N52_2_2	147	146	1	146	1	65643	8	972.4126747999999	0.0798363	64	19	0.0798363	0.0
N52_2_3	162	162	0	162	0	387068	0	9140.444820570001	0.0	106	21	0.0	0.0
N52_2_4	144	143	1	143	1	527270	1	11691.12542113	0.0166328	98	19	0.0	0.0
N53_1_2	138	137	1	137	1	42397	2	717.6153051699999	0.0199842	59	17	0.0199842	0.0
N53_1_3	160	159	1	159	1	222622	1	5055.461584000001	0.0167898	93	19	0.0167898	0.0
N53_1_4	130	129	1	129	1	1194898	1	8043.55604209	0.00387171	81	18	0.0	0.0
N53_2_2	149	149	0	149	0	16826	0	478.74210955	0.0	90	20	0.0	0.0
N53_2_3	168	167	1	167	1	15701	1	478.12690327	0.0188293	99	19	0.0188293	0.0
N53_2_4	161	161	0	161	0	559939	0	10628.975222870002	0.0	108	17	0.0	0.0
N54_1_2	75	74	1	74	1	18839	1	1076.97117515	0.0387491	26	16	0.0387491	0.0
N54_1_3	68	67	1	67	1	6667	1	280.05711173000003	0.0247657	19	11	0.0247657	0.0
N54_1_4	136	136	0	136	0	543623	0	6591.79333929	0.0	85	18	0.0	0.0
N54_2_2	124	124	0	124	0	20141	0	618.7064102000002	0.0	54	16	0.0	0.0
N54_2_3	153	153	0	153	0	137512	0	6888.9722034999995	0.0	95	19	0.0	0.0
N54_2_4	155	155	0	155	0	386731	0	7558.73282915	0.0	97	20	0.0	0.0
N55_1_2	72	72	0	72	0	12835	0	445.0737341	0.0	25	13	0.0	0.0
N55_1_3	99	99	0	99	0	5429	0	278.9909164	0.0	26	14	0.0	0.0
N55_1_4	110	109	1	109	1	188981	27	1389.1667671199998	0.133737	38	15	0.133737	0.0
N55_2_2	130	130	0	130	0	31391	0	724.76116483	0.0	61	18	0.0	0.0
N55_2_3	133	133	0	133	0	250572	0	6350.632974010001	0.0	83	19	0.0	0.0
N55_2_4	148	147	1	147	1	1013988	1	6130.36580222	0.00382683	86	17	0.0	0.0
N56_1_2	134	133	1	133	1	115093	18	3904.36617508	0.351824	60	16	0.351824	0.0
N56_1_3	137	137	0	137	0	19456	0	581.9642924	0.0	71	16	0.0	0.0
N56_1_4	124	124	0	124	0	673047	0	7812.207001160001	0.0	72	14	0.0	0.0
N57_1_2	147	147	0	147	0	29445	0	531.0161119300001	0.0	90	19	0.0	0.0
N57_1_3	157	157	0	157	0	155783	0	2531.1808977200003	0.0	81	21	0.0	0.0
N57_1_4	148	147	1	147	1	212984	44	1598.1746372000002	0.20395	51	20	0.20395	0.0
N57_2_2	79	78	1	78	1	39379	14	1226.9424102	0.277377	34	15	0.277377	0.0
N57_2_3	92	91	1	91	1	15503	2	537.75556635	0.0404084	34	14	0.0404084	0.0
N57_2_4	153	152	1	152	1	541133	1	7700.281278930001	0.0117662	99	18	0.0	0.0
N58_1_2	71	70	1	70	1	15232	8	494.40079869999994	0.176351	23	14	0.176351	0.0
N58_1_3	81	80	1	80	1	10535	2	303.4566165	0.0352455	24	15	0.0352455	0.0
N58_1_4	141	141	0	141	0	282630	0	5384.73201465	0.0	90	21	0.0	0.0
N58_2_2	119	119	0	119	0	26502	0	661.53583428	0.0	46	18	0.0	0.0
N58_2_3	114	114	0	114	0	159661	0	5136.2754773999995	0.0	75	16	0.0	0.0
N58_2_4	122	122	0	122	0	138226	0	5436.7613519	0.0	76	14	0.0	0.0
N59_1_2	77	76	1	76	1	55244	6	1544.5691424999998	0.11682	27	15	0.11682	0.0
N59_1_3	92	91	1	91	1	21378	2	646.9784785699999	0.0403116	25	13	0.0403116	0.0
N59_1_4	145	144	1	144	1	239935	7	1580.61746049	0.0343021	74	19	0.0343021	0.0
N60_1_2	103	103	0	103	0	15666	0	376.87874659000005	0.0	36	16	0.0	0.0
N60_1_3	67	67	0	67	0	7188	0	209.06807410000002	0.0	7	13	0.0	0.0
N60_1_4	143	142	1	142	1	459210	1	6352.39601775	0.00923147	98	19	0.0	0.0
N60_2_2	126	126	0	126	0	23119	0	597.9920952	0.0	55	19	0.0	0.0
N60_2_3	147	146	1	146	1	94128	6	3853.5549974	0.189012	92	20	0.0	0.0
N60_2_4	159	158	1	158	1	244687	1	5283.5976541	0.0141567	110	21	0.0	0.0
N61_1_2	91	91	0	91	0	9161	0	394.63085126	0.0	31	15	0.0	0.0
N61_1_3	94	94	0	94	0	8535	0	265.28252829999997	0.0	28	16	0.0	0.0
N61_1_4	145	145	0	145	0	287914	0	1429.9587891399997	0.0	48	18	0.0	0.0
N61_2_2	112	111	1	111	1	60499	9	1457.6080724	0.14436	47	18	0.14436	0.0
N61_2_3	144	144	0	144	0	17561	0	283.28659099	0.0	57	22	0.0	0.0
N61_2_4	108	108	0	108	0	19548	0	9617.172180200001	0.0	58	17	0.0	0.0
N62_1_2	95	95	0	95	0	16156	0	672.431769	0.0	32	19	0.0	0.0
N62_1_3	90	90	0	90	0	5018	0	249.7631285	0.0	21	15	0.0	0.0
N62_1_4	138	137	1	137	1	682280	2	8108.662996710001	0.0136094	91	18	0.0	0.0
N62_2_2	164	163	1	163	1	31824	1	483.37911321	0.0102131	88	19	0.0102131	0.0
N62_2_3	169	169	0	169	0	15068	0	307.27008729	0.0	90	21	0.0	0.0
N62_2_4	153	152	1	152	1	487925	1	7834.37636458	0.00978832	110	19	0.0	0.0
N63_1_2	88	88	0	88	0	13849	0	678.5045944000001	0.0	31	14	0.0	0.0
N63_1_3	144	143	1	143	1	38479	9	1438.6814584	0.209958	92	17	0.209958	0.0
N63_1_4	145	141	4	141	4	455959	5	9555.15567606	0.1054314	98	19	0.0254226	0.0
N63_2_2	157	156	1	156	1	27933	1	570.10460199	0.013	82	17	0.013	0.0
N63_2_3	160	160	0	160	0	63890	0	1194.47367462	0.0	87	18	0.0	0.0
N63_2_4	143	142	1	142	1	561703	2	8090.786897339999	0.0152212	92	18	0.0	0.0
N64_1_2	98	98	0	98	0	7903	0	311.38438270000006	0.0	35	19	0.0	0.0
N64_1_3	80	80	0	80	0	6782	0	274.89670259999997	0.0	21	13	0.0	0.0
N64_1_4	150	148	2	148	2	189723	6	1347.5602002589999	0.0423345	62	19	0.0229115	0.0
N64_2_2	127	127	0	127	0	23611	0	326.21722229000005	0.0	39	17	0.0	0.0
N64_2_3	173	172	1	172	1	28482	2	493.8856706	0.022456	88	21	0.022456	0.0
N64_2_4	178	178	0	178	0	415004	0	3770.89264549	0.0	100	21	0.0	0.0
N65_1_2	97	96	1	96	1	44952	10	1278.20367038	0.192355	39	17	0.192355	0.0
N65_1_3	157	156	1	156	1	61296	6	1085.0120824599999	0.0769644	88	21	0.0769644	0.0
N65_1_4	138	137	1	137	1	148776	6	3691.0004023699994	0.107549	87	19	0.107549	0.0
N65_2_2	103	102	1	102	1	30974	4	917.65605743	0.0835785	32	15	0.0835785	0.0
N65_2_3	159	158	1	158	1	55731	1	1372.4681391699996	0.0173198	97	19	0.0173198	0.0
N65_2_4	171	170	1	170	1	476178	2	4733.7918923	0.0287363	118	20	0.0	0.0287363
N66_1_2	108	108	0	108	0	30579	0	578.32274866	0.0	39	17	0.0	0.0
N66_1_3	146	145	1	145	1	15140	1	306.68271451000004	0.0126124	83	17	0.0126124	0.0
N66_1_4	111	110	1	110	1	96498	7	3761.2048077999993	0.183529	71	18	0.183529	0.0
N66_2_2	138	138	0	138	0	16121	0	576.2035849	0.0	97	20	0.0	0.0
N66_2_3	127	127	0	127	0	129614	0	4969.734556399999	0.0	84	19	0.0	0.0
N66_2_4	140	140	0	140	0	415549	0	6760.432925339999	0.0	98	20	0.0	0.0
N67_1_2	116	115	1	115	1	71056	14	1356.6523918	0.175178	39	18	0.175178	0.0
N67_1_3	105	105	0	105	0	28508	0	520.41662566	0.0	33	16	0.0	0.0
N67_1_4	128	127	1	127	1	461337	2	3332.4046918599997	0.00857183	50	18	0.00857183	0.0
N67_2_2	81	81	0	81	0	19561	0	448.89210980000007	0.0	32	16	0.0	0.0
N67_2_3	202	202	0	202	0	87709	0	2258.3617695000003	0.0	135	21	0.0	0.0
N67_2_4	220	220	0	220	0	204764	0	2114.69619276	0.0	152	23	0.0	0.0
N68_1_2	83	81	2	81	2	29900	5	1307.2973024	0.1723039	31	15	0.115389	0.0569149
N68_1_3	95	94	1	94	1	52498	1	1251.48163446	0.014575	38	17	0.014575	0.0
N68_1_4	135	135	0	135	0	116686	0	977.872819511	0.0	35	17	0.0	0.0
N68_2_2	72	72	0	72	0	6919	0	271.68367329999995	0.0	26	15	0.0	0.0
N68_2_3	91	91	0	91	0	6798	0	243.39392949	0.0	26	15	0.0	0.0
N68_2_4	59	59	0	59	0	36844	0	1533.3356021	0.0	34	14	0.0	0.0
ZJH_N01_1_2	114	114	0	114	0	38510	0	463.74978097000013	0.0	9	18	0.0	0.0
ZJH_N01_1_3	39	39	0	39	0	3635	0	255.28899899999996	0.0	1	9	0.0	0.0
ZJH_N01_1_4	141	141	0	141	0	450736	0	7318.59303327	0.0	44	21	0.0	0.0
ZJH_N01_2_2	140	139	1	139	1	15816	1	542.0588481000001	0.0456177	49	20	0.0	0.0
ZJH_N01_2_3	175	174	1	174	1	519091	1	3062.56356795	0.0108057	102	18	0.0	0.0
ZJH_N01_2_4	153	153	0	153	0	762602	0	5981.111235169999	0.0	113	19	0.0	0.0
ZJH_N02_1_2	133	133	0	133	0	27049	0	335.4337772900001	0.0	46	19	0.0	0.0
ZJH_N02_1_3	140	140	0	140	0	595465	0	7429.338091930001	0.0	41	18	0.0	0.0
ZJH_N02_1_4	126	126	0	126	0	61693	0	965.8578800700001	0.0	37	17	0.0	0.0
ZJH_N02_2_2	146	145	1	145	1	1120979	1	16436.310825090004	0.0193672	62	18	0.0	0.0
ZJH_N02_2_3	87	87	0	87	0	266863	0	8304.711252460002	0.0	22	16	0.0	0.0
ZJH_N02_2_4	127	125	2	125	2	229137	12	3092.3265296799996	0.1197004	61	19	0.0722106	0.0474898
ZJH_N03_1_2	136	136	0	136	0	1290185	0	15263.334620560001	0.0	54	21	0.0	0.0
ZJH_N03_1_3	159	159	0	159	0	1972630	0	24854.634367750004	0.0	87	20	0.0	0.0
ZJH_N03_2_2	137	137	0	137	0	1134975	0	15612.28692157	0.0	55	20	0.0	0.0
ZJH_N03_2_4	138	138	0	138	0	439641	0	3804.9277395300005	0.0	80	18	0.0	0.0
ZJH_N04_1_2	68	68	0	68	0	38022	0	674.4962934399999	0.0	22	14	0.0	0.0
ZJH_N04_1_3	78	78	0	78	0	5673	0	178.65467847	0.0	15	14	0.0	0.0
ZJH_N04_1_4	90	90	0	90	0	143111	0	1667.75953578	0.0	35	18	0.0	0.0
ZJH_N04_2_2	63	63	0	63	0	14271	0	223.43377751999995	0.0	18	13	0.0	0.0
ZJH_N04_2_3	147	147	0	147	0	133096	0	3155.4342162499997	0.0	92	19	0.0	0.0
ZJH_N04_2_4	137	136	1	136	1	1243027	1	7120.96827236	0.00650542	84	17	0.0	0.0
ZJH_N05_1_2	87	86	1	86	1	59729	2	1422.56377402	0.033757	26	16	0.033757	0.0
ZJH_N05_1_4	144	144	0	144	0	99709	0	1189.4648285000003	0.0	74	17	0.0	0.0
ZJH_N05_2_2	86	86	0	86	0	37113	0	538.10302225	0.0	21	15	0.0	0.0
ZJH_N05_2_3	103	102	1	102	1	32140	1	1137.4254548	0.0238088	43	20	0.0238088	0.0
ZJH_N05_2_4	90	90	0	90	0	263100	0	2264.10315007	0.0	37	19	0.0	0.0
ZJH_N06_1_2	138	138	0	138	0	8562	0	271.24509129	0.0	49	17	0.0	0.0
ZJH_N06_1_3	75	75	0	75	0	8249	0	221.17511298999997	0.0	3	11	0.0	0.0
ZJH_N06_1_4	79	79	0	79	0	30792	0	330.7604252000001	0.0	1	12	0.0	0.0
ZJH_N06_2_2	89	89	0	89	0	17464	0	290.05697003	0.0	30	18	0.0	0.0
ZJH_N06_2_3	99	99	0	99	0	5895	0	234.6158306	0.0	23	17	0.0	0.0
ZJH_N06_2_4	84	84	0	84	0	185930	0	2634.0453254099994	0.0	38	18	0.0	0.0
ZJH_N07_1_2	61	59	2	59	2	27661	2	461.98528769	0.0335224	26	14	0.0112757	0.0222467
ZJH_N07_1_3	76	76	0	76	0	9536	0	224.07101276	0.0	5	14	0.0	0.0
ZJH_N07_1_4	77	77	0	77	0	24138	0	272.80130303000004	0.0	2	9	0.0	0.0
ZJH_N07_2_3	130	130	0	130	0	217521	0	3884.47504626	0.0	80	16	0.0	0.0
ZJH_N07_2_4	116	116	0	116	0	544258	0	4142.419887360001	0.0	62	15	0.0	0.0
ZJH_N08_1_2	94	94	0	94	0	38992	0	363.63292442999995	0.0	27	14	0.0	0.0
ZJH_N08_1_3	121	121	0	121	0	10712	0	346.09251149999994	0.0	57	16	0.0	0.0
ZJH_N08_1_4	85	85	0	85	0	32160	0	462.8425466199999	0.0	2	13	0.0	0.0
ZJH_N08_2_2	101	101	0	101	0	28709	0	543.0211527	0.0	22	14	0.0	0.0
ZJH_N08_2_3	127	127	0	127	0	6855	0	520.4462196999999	0.0	60	18	0.0	0.0
ZJH_N08_2_4	99	98	1	98	1	151312	17	2303.4690049200003	0.142737	30	17	0.142737	0.0
ZJH_N09_1_2	71	71	0	71	0	10839	0	168.06622146000004	0.0	5	12	0.0	0.0
ZJH_N09_1_3	118	118	0	118	0	14976	0	167.51744372	0.0	25	16	0.0	0.0
ZJH_N09_2_2	127	127	0	127	0	17960	0	618.8235440999998	0.0	43	20	0.0	0.0
ZJH_N09_2_4	132	132	0	132	0	428503	0	4111.37081572	0.0	78	21	0.0	0.0
ZJH_N10_1_2	113	113	0	113	0	7962	0	223.10673481999999	0.0	33	16	0.0	0.0
ZJH_N10_1_4	78	78	0	78	0	22204	0	233.75517729000003	0.0	2	10	0.0	0.0
ZJH_N10_2_2	152	152	0	152	0	17986	0	581.4342621999999	0.0	72	22	0.0	0.0
ZJH_N10_2_3	173	173	0	173	0	351315	0	5715.13632197	0.0	98	22	0.0	0.0
ZJH_N10_2_4	133	131	2	131	2	684963	2	4966.18485057	0.01457454	76	18	0.0	0.0
ZJH_N11_1_2	125	125	0	125	0	10469	0	218.73457325	0.0	36	18	0.0	0.0
ZJH_N11_1_3	95	95	0	95	0	8501	0	229.40555550000005	0.0	10	14	0.0	0.0
ZJH_N11_1_4	126	125	1	125	1	54174	1	798.96779741	0.0388145	54	15	0.0	0.0
ZJH_N11_2_2	125	125	0	125	0	14217	0	468.07378862999997	0.0	46	21	0.0	0.0
ZJH_N11_2_3	77	77	0	77	0	7019	0	402.1026268999999	0.0	15	14	0.0	0.0
ZJH_N11_2_4	69	68	1	68	1	195010	1	2826.9963206099997	0.0447084	25	15	0.0	0.0
ZJH_N12_1_2	61	61	0	61	0	28350	0	724.21938061	0.0	22	13	0.0	0.0
ZJH_N12_1_3	127	127	0	127	0	18275	0	515.2144976	0.0	61	18	0.0	0.0
ZJH_N12_1_4	103	102	1	102	1	528756	1	3830.2909458699996	0.00957207	56	12	0.0	0.0
ZJH_N12_2_2	137	137	0	137	0	17680	0	313.36599272999996	0.0	54	19	0.0	0.0
ZJH_N12_2_4	141	141	0	141	0	624466	0	4339.592656729999	0.0	90	21	0.0	0.0
ZJH_N13_1_2	88	88	0	88	0	9284	0	364.5772327899999	0.0	21	20	0.0	0.0
ZJH_N13_1_3	61	61	0	61	0	9636	0	183.86046944	0.0	1	12	0.0	0.0
ZJH_N13_1_4	132	132	0	132	0	75892	0	869.3949174500001	0.0	28	15	0.0	0.0
ZJH_N13_2_2	150	150	0	150	0	45479	0	644.5225683	0.0	79	19	0.0	0.0
ZJH_N13_2_3	137	137	0	137	0	12976	0	209.58976396	0.0	51	18	0.0	0.0
ZJH_N13_2_4	165	165	0	165	0	485688	0	3471.4230686700002	0.0	91	20	0.0	0.0
ZJH_N14_1_2	72	72	0	72	0	11688	0	196.90117963	0.0	15	15	0.0	0.0
ZJH_N14_1_3	44	44	0	44	0	13324	0	192.47689053000005	0.0	1	10	0.0	0.0
ZJH_N14_1_4	136	136	0	136	0	94718	0	1314.15941362	0.0	72	19	0.0	0.0
ZJH_N14_2_2	126	126	0	126	0	116008	0	2305.16337282	0.0	79	19	0.0	0.0
ZJH_N14_2_3	133	133	0	133	0	31344	0	539.92035214	0.0	76	18	0.0	0.0
ZJH_N14_2_4	102	102	0	102	0	515204	0	4188.67819893	0.0	64	14	0.0	0.0
ZJH_N15_1_2	121	121	0	121	0	7391	0	215.46826927999996	0.0	42	20	0.0	0.0
ZJH_N15_1_4	109	108	1	108	1	150321	11	1693.6406481999998	0.0822289	36	16	0.0822289	0.0
ZJH_N16_1_2	102	102	0	102	0	10697	0	329.3658896700001	0.0	37	15	0.0	0.0
ZJH_N16_1_3	91	91	0	91	0	7769	0	387.38865689999994	0.0	26	16	0.0	0.0
ZJH_N16_2_2	155	155	0	155	0	25482	0	821.4026505	0.0	91	23	0.0	0.0
ZJH_N16_2_3	165	165	0	165	0	25598	0	454.00297031	0.0	86	22	0.0	0.0
ZJH_N16_2_4	129	129	0	129	0	613363	0	5258.43941829	0.0	82	21	0.0	0.0
ZJH_N17_1_2	104	104	0	104	0	62345	0	575.15194956	0.0	37	20	0.0	0.0
ZJH_N17_1_3	79	79	0	79	0	17634	0	208.67940428999992	0.0	4	12	0.0	0.0
ZJH_N17_1_4	78	78	0	78	0	156307	0	1674.8105489349998	0.0	20	14	0.0	0.0
ZJH_N17_2_2	146	146	0	146	0	15005	0	372.61443657	0.0	73	22	0.0	0.0
ZJH_N17_2_3	136	136	0	136	0	23754	0	290.56455851	0.0	61	21	0.0	0.0
ZJH_N17_2_4	115	115	0	115	0	690386	0	5181.3613179700005	0.0	69	15	0.0	0.0
ZJH_N18_1_2	129	129	0	129	0	21469	0	341.45394357	0.0	69	18	0.0	0.0
ZJH_N18_1_3	122	122	0	122	0	15557	0	259.97352786000005	0.0	51	18	0.0	0.0
ZJH_N18_1_4	147	147	0	147	0	510446	0	4406.4294017	0.0	104	18	0.0	0.0
ZJH_N18_2_2	131	131	0	131	0	16937	0	436.9857504	0.0	80	19	0.0	0.0
ZJH_N18_2_3	136	136	0	136	0	350805	0	4666.4267287	0.0	79	21	0.0	0.0
ZJH_N18_2_4	173	172	1	172	1	341044	1	3224.88151018	0.00977239	110	21	0.0	0.0
ZJH_N19_1_2	90	88	2	88	2	87778	10	2189.5574090400005	0.2828937	25	16	0.0318147	0.251079
ZJH_N19_1_3	84	84	0	84	0	5361	0	219.910413	0.0	8	14	0.0	0.0
ZJH_N19_1_4	122	122	0	122	0	49893	0	537.2895687199999	0.0	24	18	0.0	0.0
ZJH_N19_2_2	89	89	0	89	0	6180	0	208.24834774	0.0	18	17	0.0	0.0
ZJH_N19_2_4	120	120	0	120	0	660251	0	9054.155291800002	0.0	22	18	0.0	0.0
ZJH_N20_1_3	90	90	0	90	0	5464	0	231.57890400000002	0.0	29	15	0.0	0.0
ZJH_N20_1_4	90	90	0	90	0	55187	0	577.2548013100001	0.0	3	12	0.0	0.0
ZJH_N20_2_2	142	141	1	141	1	17256	2	435.27784797999993	0.0354721	64	22	0.0354721	0.0
ZJH_N20_2_3	102	102	0	102	0	6086	0	220.98571989999996	0.0	30	16	0.0	0.0
ZJH_N20_2_4	149	147	2	147	2	250762	7	2364.90644525	0.0933543	84	23	0.025713	0.0676413
ZJH_N21_1_2	155	155	0	155	0	25822	0	875.8741645	0.0	97	25	0.0	0.0
ZJH_N21_1_4	148	148	0	148	0	46204	0	672.38925546	0.0	47	18	0.0	0.0
ZJH_N21_2_2	148	148	0	148	0	22413	0	712.9353229	0.0	86	20	0.0	0.0
ZJH_N21_2_4	143	143	0	143	0	466710	0	3279.53005705	0.0	89	20	0.0	0.0
ZJH_N22_1_3	130	130	0	130	0	263804	0	3097.30546999	0.0	81	17	0.0	0.0
ZJH_N22_1_4	136	135	1	135	1	437698	2	2868.2482187799997	0.010362	92	17	0.0	0.0
ZJH_N22_2_2	117	115	2	115	2	52647	2	792.98199539	0.01919642	50	20	0.0114112	0.0
ZJH_N22_2_3	124	124	0	124	0	31095	0	794.3480347999999	0.0	62	18	0.0	0.0
ZJH_N22_2_4	96	96	0	96	0	42489	0	561.54737735	0.0	12	13	0.0	0.0
ZJH_N23_1_2	90	90	0	90	0	12149	0	446.2699862	0.0	26	17	0.0	0.0
ZJH_N23_1_3	106	106	0	106	0	4781	0	181.97924982999996	0.0	32	16	0.0	0.0
ZJH_N23_1_4	160	160	0	160	0	1386013	0	24179.273357799997	0.0	72	23	0.0	0.0
ZJH_N23_2_2	117	117	0	117	0	15014	0	747.9637650400002	0.0	68	18	0.0	0.0
ZJH_N23_2_3	124	124	0	124	0	724215	0	8617.40591649	0.0	85	16	0.0	0.0
ZJH_N23_2_4	125	125	0	125	0	426273	0	3166.44578425	0.0	76	18	0.0	0.0
ZJH_N24_1_2	96	96	0	96	0	15026	0	294.38864423	0.0	32	18	0.0	0.0
ZJH_N24_1_3	102	102	0	102	0	8150	0	199.45898288999996	0.0	25	14	0.0	0.0
ZJH_N24_1_4	126	126	0	126	0	859882	0	11872.32909672	0.0	39	19	0.0	0.0
ZJH_N24_2_2	136	136	0	136	0	17762	0	494.40796915	0.0	75	19	0.0	0.0
ZJH_N24_2_3	134	134	0	134	0	55823	0	1745.5250974	0.0	77	18	0.0	0.0
ZJH_N24_2_4	119	119	0	119	0	556695	0	7083.659164770001	0.0	72	15	0.0	0.0
ZJH_N25_1_2	92	92	0	92	0	17675	0	326.58074016999996	0.0	25	17	0.0	0.0
ZJH_N25_1_3	51	51	0	51	0	6043	0	213.09686670000005	0.0	0	10	0.0	0.0
ZJH_N25_1_4	97	97	0	97	0	559506	0	9537.306809859998	0.0	21	18	0.0	0.0
ZJH_N25_2_2	104	104	0	104	0	37077	0	728.0409639499999	0.0	46	18	0.0	0.0
ZJH_N25_2_4	126	126	0	126	0	85846	0	902.11909053	0.0	66	16	0.0	0.0
ZJH_N26_1_2	104	103	1	103	1	6875	1	198.56022804	0.0351464	31	17	0.0	0.0351464
ZJH_N26_1_4	85	85	0	85	0	36387	0	461.35769683999996	0.0	4	12	0.0	0.0
ZJH_N26_2_2	94	93	1	93	1	13672	1	287.38873302999997	0.019308	28	16	0.0	0.0
ZJH_N26_2_4	111	111	0	111	0	40956	0	513.62582129	0.0	37	16	0.0	0.0
ZJH_N27_1_4	113	113	0	113	0	57096	0	533.78386741	0.0	9	17	0.0	0.0
ZJH_N27_2_2	150	150	0	150	0	18190	0	514.64619832	0.0	82	19	0.0	0.0
ZJH_N27_2_3	156	156	0	156	0	81578	0	1251.7293075900002	0.0	91	18	0.0	0.0
ZJH_N27_2_4	173	173	0	173	0	357578	0	2763.46784967	0.0	103	20	0.0	0.0
ZJH_N28_1_2	75	75	0	75	0	6758	0	257.35448452	0.0	15	14	0.0	0.0
ZJH_N28_1_4	79	79	0	79	0	669770	0	7801.19743968	0.0	2	15	0.0	0.0
ZJH_N28_2_2	75	75	0	75	0	23689	0	572.82545924	0.0	24	17	0.0	0.0
ZJH_N28_2_3	77	77	0	77	0	7932	0	238.26851509999997	0.0	21	12	0.0	0.0
ZJH_N28_2_4	118	117	1	117	1	490523	13	6513.210100359999	0.104619	48	19	0.104619	0.0
ZJH_N29_1_2	89	88	1	88	1	10309	2	259.30381762999997	0.0304103	29	13	0.0304103	0.0
ZJH_N29_1_4	89	89	0	89	0	2231903	0	30087.064148540005	0.0	15	14	0.0	0.0
ZJH_N30_1_3	128	128	0	128	0	8112	0	345.80818751000004	0.0	66	19	0.0	0.0
ZJH_N30_1_4	66	65	1	65	1	201582	1	1867.63249166	0.0122258	20	17	0.0	0.0
ZJH_N30_2_3	63	63	0	63	0	24172	0	728.0669017399998	0.0	5	12	0.0	0.0
ZJH_N30_2_4	121	121	0	121	0	97451	0	1091.67043607	0.0	60	21	0.0	0.0
ZJH_N31_1_2	126	126	0	126	0	11658	0	253.24771509999997	0.0	51	19	0.0	0.0
ZJH_N31_1_4	82	81	1	81	1	1309559	1	18694.70838061001	0.00824288	15	13	0.00824288	0.0
ZJH_N31_2_2	115	115	0	115	0	9293	0	203.91631997999997	0.0	33	16	0.0	0.0
ZJH_N31_2_3	134	134	0	134	0	228421	0	3019.7682292400004	0.0	75	19	0.0	0.0
ZJH_N31_2_4	122	122	0	122	0	484465	0	3800.0867822	0.0	65	16	0.0	0.0
ZJH_N32_1_2	97	97	0	97	0	38874	0	574.0212034900001	0.0	32	16	0.0	0.0
ZJH_N32_1_4	96	96	0	96	0	159868	0	1984.1778276100001	0.0	32	10	0.0	0.0
ZJH_N32_2_2	99	99	0	99	0	16850	0	425.88110261	0.0	29	14	0.0	0.0
ZJH_N32_2_3	78	78	0	78	0	10980	0	201.98283833000008	0.0	5	13	0.0	0.0
ZJH_N32_2_4	94	94	0	94	0	31349	0	487.09594399	0.0	21	14	0.0	0.0
ZJH_N33_1_2	109	108	1	108	1	19092	3	469.0965440500001	0.0871576	34	18	0.0	0.0871576
ZJH_N33_1_3	86	86	0	86	0	5425	0	262.6769139499999	0.0	13	15	0.0	0.0
ZJH_N33_1_4	106	106	0	106	0	45663	0	563.14728945	0.0	5	17	0.0	0.0
ZJH_N33_2_2	106	106	0	106	0	30353	0	590.0009442	0.0	41	16	0.0	0.0
ZJH_N33_2_4	126	126	0	126	0	119411	0	1423.5707306399997	0.0	76	16	0.0	0.0
ZJH_N34_1_2	96	96	0	96	0	9330	0	268.33967099	0.0	28	14	0.0	0.0
ZJH_N34_1_3	64	64	0	64	0	10517	0	221.06483787	0.0	4	12	0.0	0.0
ZJH_N34_1_4	83	83	0	83	0	49982	0	542.8820129299999	0.0	2	14	0.0	0.0
ZJH_N35_1_2	88	88	0	88	0	8224	0	256.74987468999996	0.0	23	16	0.0	0.0
ZJH_N35_1_4	85	85	0	85	0	31328	0	437.6359505399999	0.0	8	16	0.0	0.0
ZJH_N36_1_2	104	104	0	104	0	10154	0	215.00218220000005	0.0	24	19	0.0	0.0
ZJH_N36_1_3	69	69	0	69	0	11504	0	199.90191828	0.0	1	14	0.0	0.0
ZJH_N36_1_4	103	103	0	103	0	44301	0	457.83406102	0.0	5	14	0.0	0.0
ZJH_N36_2_2	130	130	0	130	0	35099	0	965.21132115	0.0	78	18	0.0	0.0
ZJH_N36_2_3	112	112	0	112	0	23249	0	373.98336222000006	0.0	51	13	0.0	0.0
ZJH_N36_2_4	130	129	1	129	1	612985	1	4173.9066219	0.00891228	81	19	0.0	0.0
ZJH_N37_1_2	113	113	0	113	0	13831	0	369.56692570000007	0.0	40	19	0.0	0.0
ZJH_N37_1_3	44	44	0	44	0	5837	0	202.01114897	0.0	1	11	0.0	0.0
ZJH_N38_1_2	137	137	0	137	0	32324	0	587.25063465	0.0	66	18	0.0	0.0
ZJH_N38_1_3	84	84	0	84	0	10222	0	298.78539494	0.0	27	14	0.0	0.0
ZJH_N38_1_4	96	96	0	96	0	43344	0	544.1218419099997	0.0	9	13	0.0	0.0
ZJH_N39_1_4	127	127	0	127	0	1588091	0	16951.41323858999	0.0	35	17	0.0	0.0
ZJH_N39_2_2	84	83	1	83	1	35448	2	666.91749151	0.0284303	33	17	0.0284303	0.0
ZJH_N39_2_3	53	53	0	53	0	5773	0	220.6411673	0.0	15	12	0.0	0.0
ZJH_N39_2_4	78	78	0	78	0	1761681	0	23028.693131360003	0.0	18	16	0.0	0.0
ZJH_N40_1_2	128	128	0	128	0	12070	0	449.08117333000007	0.0	57	17	0.0	0.0
ZJH_N40_1_4	119	119	0	119	0	28113	0	311.20506643999994	0.0	34	15	0.0	0.0
ZJH_N41_1_2	39	39	0	39	0	4996	0	240.17792840000007	0.0	1	10	0.0	0.0
ZJH_N41_1_3	73	73	0	73	0	10147	0	230.62972554999996	0.0	16	14	0.0	0.0
ZJH_N41_1_4	124	124	0	124	0	2862312	0	51535.64610615001	0.0	54	15	0.0	0.0
ZJH_N42_1_3	93	93	0	93	0	10029	0	202.14033095999997	0.0	4	14	0.0	0.0
ZJH_N42_1_4	88	87	1	87	1	37194	2	550.3688596200001	0.0171054	22	14	0.0171054	0.0
ZJH_N42_2_2	109	109	0	109	0	14807	0	336.9943978200001	0.0	62	14	0.0	0.0
ZJH_N42_2_3	102	101	1	101	1	402922	1	4160.73895693	0.00863202	64	14	0.0	0.0
ZJH_N42_2_4	109	108	1	108	1	448209	1	3886.2779705499997	0.00698757	59	13	0.0	0.0
ZJH_N43_1_2	71	71	0	71	0	9413	0	235.05262652000002	0.0	10	14	0.0	0.0
ZJH_N43_1_3	88	88	0	88	0	10217	0	180.68196396000002	0.0	8	13	0.0	0.0
ZJH_N43_1_4	113	113	0	113	0	119936	0	943.2899815	0.0	38	14	0.0	0.0
ZJH_N43_2_2	98	97	1	97	1	26217	1	415.72574825999993	0.0105724	25	17	0.0105724	0.0
ZJH_N43_2_3	87	86	1	86	1	25798	1	906.4170713100001	0.0222765	23	15	0.0222765	0.0
ZJH_N43_2_4	117	116	1	116	1	1991984	2	18525.423251719996	0.0107698	28	18	0.0107698	0.0
ZJH_N44_1_2	115	115	0	115	0	18152	0	311.38678466	0.0	56	14	0.0	0.0
ZJH_N44_1_3	82	82	0	82	0	8133	0	233.75422119000004	0.0	11	11	0.0	0.0
ZJH_N44_1_4	91	91	0	91	0	26147	0	460.59436567999995	0.0	9	15	0.0	0.0
ZJH_N45_1_2	82	82	0	82	0	9884	0	254.8936294	0.0	17	16	0.0	0.0
ZJH_N45_1_3	75	75	0	75	0	10318	0	341.12786005999993	0.0	9	13	0.0	0.0
ZJH_N45_1_4	104	103	1	103	1	61554	15	788.2639446300001	0.114021	24	15	0.114021	0.0
ZJH_N45_2_2	127	126	1	126	1	46966	1	1528.4882361999996	0.0202779	58	19	0.0202779	0.0
ZJH_N45_2_3	144	143	1	143	1	46799	1	890.09839532	0.0249291	70	19	0.0	0.0249291
ZJH_N45_2_4	131	130	1	130	1	791676	1	5425.230105480001	0.00592967	77	21	0.00592967	0.0
ZJH_N46_1_2	97	97	0	97	0	20030	0	333.92493384000005	0.0	27	16	0.0	0.0
ZJH_N46_1_4	93	93	0	93	0	29686	0	431.85494289999997	0.0	14	15	0.0	0.0
ZJH_N46_2_2	130	130	0	130	0	55370	0	633.05663841	0.0	64	22	0.0	0.0
ZJH_N46_2_3	128	128	0	128	0	547703	0	6098.14254071	0.0	79	20	0.0	0.0
ZJH_N46_2_4	135	135	0	135	0	905212	0	7108.544942396	0.0	82	20	0.0	0.0
ZJH_N47_1_2	74	74	0	74	0	18493	0	313.88487686999997	0.0	21	16	0.0	0.0
ZJH_N47_1_3	61	61	0	61	0	12564	0	237.95222357000003	0.0	3	14	0.0	0.0
ZJH_N47_1_4	103	103	0	103	0	582932	0	9125.475742560004	0.0	31	14	0.0	0.0
ZJH_N47_2_2	120	120	0	120	0	12483	0	293.17854855999997	0.0	63	17	0.0	0.0
ZJH_N47_2_3	76	76	0	76	0	9430	0	236.82873806	0.0	13	14	0.0	0.0
ZJH_N47_2_4	100	100	0	100	0	41553	0	555.96515717	0.0	13	14	0.0	0.0
ZJH_N48_1_3	90	90	0	90	0	25356	0	682.0438492	0.0	29	19	0.0	0.0
ZJH_N48_1_4	127	127	0	127	0	44560	0	588.3022286699999	0.0	36	19	0.0	0.0
ZJH_N48_2_2	98	98	0	98	0	13310	0	263.72813149	0.0	27	14	0.0	0.0
ZJH_N48_2_4	96	96	0	96	0	358662	0	2365.66760852	0.0	38	19	0.0	0.0
ZJH_N49_1_2	87	87	0	87	0	23811	0	496.20558229999995	0.0	26	15	0.0	0.0
ZJH_N49_1_3	39	39	0	39	0	9501	0	270.07804493	0.0	1	10	0.0	0.0
ZJH_N49_1_4	84	84	0	84	0	74507	0	1002.19962926	0.0	5	16	0.0	0.0
ZJH_N49_2_2	140	140	0	140	0	9584	0	297.8412882	0.0	78	19	0.0	0.0
ZJH_N49_2_4	130	130	0	130	0	498436	0	3896.17623201	0.0	59	18	0.0	0.0
ZJH_N50_1_2	74	74	0	74	0	8357	0	257.67623882999993	0.0	11	11	0.0	0.0
ZJH_N50_1_3	110	110	0	110	0	294385	0	3757.23620448	0.0	67	14	0.0	0.0
ZJH_N50_1_4	95	93	2	93	2	346451	2	3283.4198522200004	0.06613524	57	12	0.0	0.0
ZJH_N50_2_2	108	108	0	108	0	22361	0	426.70058409999996	0.0	63	15	0.0	0.0
ZJH_N50_2_3	112	112	0	112	0	160514	0	1705.61437241	0.0	72	18	0.0	0.0
ZJH_N50_2_4	123	122	1	122	1	474059	1	3000.81770952	0.00817641	65	16	0.0	0.0
ZJH_N51_1_2	112	112	0	112	0	24578	0	454.21809382000004	0.0	29	17	0.0	0.0
ZJH_N51_1_3	111	111	0	111	0	340840	0	3795.3703771499995	0.0	63	15	0.0	0.0
ZJH_N51_1_4	119	119	0	119	0	501815	0	3563.6993703499998	0.0	62	18	0.0	0.0
ZJH_N51_2_3	110	110	0	110	0	78938	0	766.4172353299998	0.0	65	17	0.0	0.0
ZJH_N51_2_4	112	112	0	112	0	578178	0	4222.30755337	0.0	67	17	0.0	0.0
ZJH_N52_1_2	86	86	0	86	0	10136	0	243.38532074000003	0.0	10	17	0.0	0.0
ZJH_N52_1_3	33	33	0	33	0	8203	0	253.32378862000004	0.0	2	8	0.0	0.0
ZJH_N52_1_4	113	113	0	113	0	248356	0	3736.78140867	0.0	50	17	0.0	0.0
ZJH_N52_2_2	113	113	0	113	0	26005	0	1230.0229796	0.0	55	18	0.0	0.0
ZJH_N52_2_3	115	115	0	115	0	14536	0	276.49793984	0.0	30	15	0.0	0.0
ZJH_N52_2_4	102	102	0	102	0	49610	0	877.9670346700002	0.0	28	15	0.0	0.0
ZJH_N53_1_4	108	107	1	107	1	147859	3	1512.5696517100002	0.0427265	36	20	0.0	0.0
ZJH_N53_2_2	132	132	0	132	0	94944	0	1975.5269304999997	0.0	86	20	0.0	0.0
ZJH_N53_2_3	125	124	1	124	1	99259	1	1660.6283485199995	0.104673	73	20	0.0	0.0
ZJH_N53_2_4	111	111	0	111	0	383497	0	3616.5405952499996	0.0	67	19	0.0	0.0
ZJH_N54_1_2	98	98	0	98	0	96715	0	1820.3975003199998	0.0	25	15	0.0	0.0
ZJH_N54_1_3	82	82	0	82	0	11154	0	317.042243	0.0	17	16	0.0	0.0
ZJH_N54_1_4	110	110	0	110	0	163256	0	2320.0107837099995	0.0	46	16	0.0	0.0
ZJH_N54_2_2	119	119	0	119	0	11115	0	390.0512881	0.0	49	21	0.0	0.0
ZJH_N54_2_3	97	97	0	97	0	5792	0	183.30792359	0.0	22	14	0.0	0.0
ZJH_N54_2_4	129	127	2	127	2	71569	2	931.95507637	0.0364074	47	17	0.0069497	0.0
ZJH_N55_1_2	107	107	0	107	0	12074	0	233.18078484999998	0.0	37	15	0.0	0.0
ZJH_N55_1_3	74	74	0	74	0	22872	0	504.0117936100001	0.0	20	15	0.0	0.0
ZJH_N55_1_4	71	71	0	71	0	135393	0	1473.18282822	0.0	28	17	0.0	0.0
ZJH_N55_2_2	120	120	0	120	0	19197	0	387.07942078	0.0	47	23	0.0	0.0
ZJH_N55_2_3	133	133	0	133	0	16653	0	317.30631141000003	0.0	59	16	0.0	0.0
ZJH_N55_2_4	156	156	0	156	0	639884	0	5057.87473454	0.0	99	23	0.0	0.0
ZJH_N56_1_2	66	66	0	66	0	12002	0	265.99417780000005	0.0	13	14	0.0	0.0
ZJH_N56_1_3	53	53	0	53	0	12888	0	254.48927806999998	0.0	1	10	0.0	0.0
ZJH_N56_1_4	89	89	0	89	0	43984	0	633.46981451	0.0	13	15	0.0	0.0
ZJH_N56_2_2	132	132	0	132	0	59788	0	1518.7768847900002	0.0	49	20	0.0	0.0
ZJH_N56_2_3	135	135	0	135	0	15112	0	300.20213605999993	0.0	57	12	0.0	0.0
ZJH_N56_2_4	168	168	0	168	0	344926	0	3302.6442384800002	0.0	96	20	0.0	0.0
ZJH_N57_1_2	128	128	0	128	0	11263	0	331.93934171000006	0.0	55	18	0.0	0.0
ZJH_N57_1_3	134	134	0	134	0	9348	0	202.48949993999997	0.0	41	16	0.0	0.0
ZJH_N57_1_4	160	160	0	160	0	629452	0	5570.77195943	0.0	103	19	0.0	0.0
ZJH_N58_1_2	139	139	0	139	0	57392	0	1776.4415985699998	0.0	67	16	0.0	0.0
ZJH_N58_1_3	128	128	0	128	0	31027	0	960.5574809	0.0	63	14	0.0	0.0
ZJH_N58_1_4	157	157	0	157	0	655001	0	6797.73633004	0.0	101	15	0.0	0.0
ZJH_N58_2_2	121	121	0	121	0	12746	0	310.42744614	0.0	50	16	0.0	0.0
ZJH_N58_2_3	167	167	0	167	0	123459	0	1575.6989480900002	0.0	87	18	0.0	0.0
ZJH_N58_2_4	154	154	0	154	0	504626	0	4965.1727416700005	0.0	97	18	0.0	0.0
ZJH_N59_1_2	105	105	0	105	0	11058	0	230.59662451999998	0.0	25	14	0.0	0.0
ZJH_N59_1_3	128	128	0	128	0	372241	0	5619.15917175	0.0	77	20	0.0	0.0
ZJH_N59_1_4	115	114	1	114	1	506796	1	6020.49530677	0.0261753	65	15	0.0	0.0
ZJH_N59_2_3	134	134	0	134	0	117845	0	2179.5515568	0.0	72	16	0.0	0.0
ZJH_N59_2_4	125	125	0	125	0	250726	0	3471.68196032	0.0	64	15	0.0	0.0
