Species	UCMC_N	UCMC_%	ZCH_N	ZCH_%	Location_p	Axilla_%	Groin_%	Stool_%	BodySite_p	BodySite_FDR	Top_Mutation
Burkholderia_cepacia	37	12.4	34	16.3	0.242	4.7	8.0	23.8	4.586e-05	2.035e-04	Burkholderia_cepacia_gyrA_87_D->Y
Mycobacterium_tuberculosis	149	49.8	94	45.0	0.321	84.0	63.6	3.8	3.169e-32	2.250e-30	Mycobacterium_tuberculosis_gyrB_486_I->L
Enterococcus_faecium	9	3.0	3	1.4	0.375	0.0	3.4	5.7	0.051	0.138	Enterococcus_faecium_parC_80_S->I
Salmonella_enterica	107	35.8	83	39.7	0.402	3.8	43.2	61.9	3.247e-18	4.611e-17	Salmonella_enterica_gyrB_466_E->D
Escherichia_coli	149	49.8	111	53.1	0.472	12.3	61.4	78.1	5.055e-22	1.795e-20	Escherichia_coli_gyrA_87_D->A
Citrobacter_freundii	36	12.0	30	14.4	0.503	0.9	14.8	21.0	3.013e-05	1.426e-04	Citrobacter_freundii_parE_423_G->R
Granulicatella_adiacens	19	6.4	10	4.8	0.561	7.5	9.1	2.9	0.172	0.339	Granulicatella_adiacens_gyrA_87_S->A
Bacteroides_cellulosilyticus	6	2.0	6	2.9	0.563	0.0	2.3	3.8	0.140	0.300	Bacteroides_cellulosilyticus_parE_37_I->D
Shigella_flexneri	59	19.7	46	22.0	0.578	1.9	22.7	35.2	6.348e-09	3.756e-08	Shigella_flexneri_parC_80_S->R
Enterobacter_hormaechei	9	3.0	8	3.8	0.625	0.9	5.7	2.9	0.156	0.317	Enterobacter_hormaechei_parE_529_I->L
Staphylococcus_aureus	59	19.7	37	17.7	0.645	30.2	13.6	14.3	0.003	0.013	Staphylococcus_aureus_gyrA_85_S->P
Proteus_mirabilis	12	4.0	10	4.8	0.665	0.0	3.4	8.6	0.006	0.022	Proteus_mirabilis_gyrB_447_K->E
Streptococcus_mitis	3	1.0	3	1.4	0.694	0.0	1.1	1.9	0.377	0.491	Streptococcus_mitis_parE_475_E->D
Actinomyces_naeslundii	3	1.0	3	1.4	0.694	0.9	1.1	1.0	0.989	0.989	Actinomyces_naeslundii_gyrA_121_Q->H
Staphylococcus_saprophyticus	42	14.0	32	15.3	0.703	7.5	10.2	23.8	0.001	0.006	Staphylococcus_saprophyticus_gyrA_82_G->C
Phocaeicola_vulgatus	4	1.3	4	1.9	0.722	0.0	1.1	2.9	0.192	0.359	Phocaeicola_vulgatus_parE_39_I->D
Prevotella_melaninogenica	4	1.3	4	1.9	0.722	0.0	2.3	1.9	0.320	0.491	Prevotella_melaninogenica_gyrA_85_G->D
Parabacteroides_distasonis	4	1.3	4	1.9	0.722	0.0	1.1	2.9	0.192	0.359	Parabacteroides_distasonis_parE_46_I->D
Streptococcus_pneumoniae	4	1.3	4	1.9	0.722	0.9	1.1	1.9	0.816	0.836	Streptococcus_pneumoniae_parE_475_E->D
Shigella_sonnei	63	21.1	47	22.5	0.743	0.9	26.1	37.1	3.604e-10	3.199e-09	Shigella_sonnei_parE_460_E->D
Bacteroides_ovatus	5	1.7	5	2.4	0.747	0.0	1.1	3.8	0.087	0.199	Bacteroides_ovatus_parE_37_I->D
Bifidobacterium_adolescentis	6	2.0	5	2.4	0.766	0.9	2.3	2.9	0.598	0.634	Bifidobacterium_adolescentis_gyrA_99_A->S
Bifidobacterium_longum	8	2.7	4	1.9	0.769	1.9	4.5	1.9	0.433	0.512	Bifidobacterium_longum_gyrA_119_D->A
Pseudomonas_aeruginosa	30	10.0	23	11.0	0.769	0.9	5.7	22.9	2.180e-07	1.190e-06	Pseudomonas_aeruginosa_gyrA_87_D->A
Klebsiella_oxytoca	94	31.4	69	33.0	0.772	1.9	33.0	60.0	1.059e-18	1.879e-17	Klebsiella_oxytoca_gyrA_87_D->A
Klebsiella_aerogenes	94	31.4	69	33.0	0.772	1.9	33.0	60.0	1.059e-18	1.879e-17	Klebsiella_aerogenes_gyrA_87_D->A
Bacteroides_fragilis	7	2.3	6	2.9	0.779	0.0	1.1	5.7	0.016	0.048	Bacteroides_fragilis_gyrA_105_Q->H
Rothia_mucilaginosa	10	3.3	8	3.8	0.810	5.7	2.3	1.9	0.254	0.462	Rothia_mucilaginosa_gyrA_104_S->V
Klebsiella_pneumoniae	100	33.4	72	34.4	0.849	4.7	35.2	61.0	4.876e-17	5.770e-16	Klebsiella_pneumoniae_gyrA_87_D->A
Ruminococcus_bromii	17	5.7	13	6.2	0.849	5.7	11.4	1.0	0.008	0.027	Ruminococcus_bromii_gyrB_437_D->N
Veillonella_dispar	64	21.4	46	22.0	0.913	3.8	20.5	40.0	1.122e-09	8.854e-09	Veillonella_dispar_gyrA_90_D->Y
Enterobacter_cloacae	70	23.4	50	23.9	0.916	0.9	28.4	41.9	8.026e-12	8.141e-11	Enterobacter_cloacae_parE_460_E->D
Morganella_morganii	3	1.0	2	1.0	1.000	0.0	2.3	1.0	0.286	0.491	Morganella_morganii_gyrA_106_Q->P
Lactobacillus_acidophilus	2	0.7	2	1.0	1.000	0.0	1.1	1.0	0.568	0.615	Lactobacillus_acidophilus_gyrA_70_A->S
Aggregatibacter_actinomycetemcomitans	5	1.7	4	1.9	1.000	0.0	0.0	4.8	0.009	0.029	Aggregatibacter_actinomycetemcomitans_gyrA_87_D->Y
Haemophilus_influenzae	21	7.0	15	7.2	1.000	6.6	5.7	8.6	0.720	0.752	Haemophilus_influenzae_parC_112_A->V
Veillonella_parvula	66	22.1	46	22.0	1.000	4.7	21.6	40.0	5.089e-09	3.284e-08	Veillonella_parvula_gyrA_90_D->Y
Bifidobacterium_breve	8	2.7	5	2.4	1.000	0.0	3.4	4.8	0.088	0.199	Bifidobacterium_breve_parE_590_I->F
Clostridioides_difficile	24	8.0	16	7.7	1.000	0.9	5.7	17.1	5.330e-05	2.226e-04	Clostridioides_difficile_gyrA_88_D->Y
Legionella_pneumophila	20	6.7	14	6.7	1.000	0.0	2.3	17.1	5.764e-07	2.923e-06	Legionella_pneumophila_gyrA_87_D->Y
Lactiplantibacillus_plantarum	1	0.3	1	0.5	1.000	0.0	0.0	1.0	0.396	0.491	Lactiplantibacillus_plantarum_gyrA_84_G->C
Staphylococcus_epidermidis	75	25.1	53	25.4	1.000	32.1	23.9	19.0	0.088	0.199	Staphylococcus_epidermidis_gyrA_82_G->C
Acinetobacter_baumannii	10	3.3	7	3.3	1.000	1.9	4.5	3.8	0.560	0.615	Acinetobacter_baumannii_parC_61_S->T
Serratia_marcescens	15	5.0	11	5.3	1.000	0.9	5.7	8.6	0.038	0.111	Serratia_marcescens_gyrA_106_Q->H
Enterococcus_faecalis	38	12.7	27	12.9	1.000	0.0	9.1	28.6	1.786e-09	1.268e-08	Enterococcus_faecalis_gyrA_83_S->R
Providencia_stuartii	4	1.3	2	1.0	1.000	0.0	2.3	1.9	0.320	0.491	Providencia_stuartii_gyrA_106_Q->H
Bacteroides_thetaiotaomicron	2	0.7	2	1.0	1.000	0.0	1.1	1.0	0.568	0.615	Bacteroides_thetaiotaomicron_gyrA_105_Q->H
Streptococcus_pyogenes	6	2.0	4	1.9	1.000	0.9	0.0	4.8	0.039	0.112	Streptococcus_pyogenes_parE_477_E->D
Bacteroides_uniformis	2	0.7	2	1.0	1.000	0.0	1.1	1.0	0.568	0.615	Bacteroides_uniformis_gyrA_82_S->A
Fusobacterium_nucleatum	1	0.3	1	0.5	1.000	0.0	0.0	1.0	0.396	0.491	Fusobacterium_nucleatum_gyrA_63_A->D
Yersinia_pestis	7	2.3	4	1.9	1.000	0.0	2.3	4.8	0.073	0.192	Yersinia_pestis_parE_461_E->D
Bacteroides_caccae	1	0.3	1	0.5	1.000	0.0	1.1	0.0	0.300	0.491	Bacteroides_caccae_gyrA_105_Q->R
Coprococcus_eutactus	2	0.7	1	0.5	1.000	0.0	0.0	1.9	0.156	0.317	Coprococcus_eutactus_gyrA_85_S->W
Bifidobacterium_bifidum	2	0.7	1	0.5	1.000	0.0	2.3	0.0	0.089	0.199	Bifidobacterium_bifidum_gyrB_506_D->N
Streptococcus_agalactiae	3	1.0	2	1.0	1.000	0.9	0.0	1.9	0.416	0.500	Streptococcus_agalactiae_gyrA_81_S->L
Limosilactobacillus_reuteri	2	0.7	1	0.5	1.000	0.0	2.3	0.0	0.089	0.199	Limosilactobacillus_reuteri_gyrA_85_S->A
Actinomyces_oris	4	1.3	2	1.0	1.000	1.9	1.1	1.0	0.824	0.836	Actinomyces_oris_gyrA_121_Q->H
Faecalibacterium_prausnitzii	1	0.3	1	0.5	1.000	0.0	1.1	0.0	0.300	0.491	Faecalibacterium_prausnitzii_gyrA_94_D->W
Streptococcus_mutans	3	1.0	2	1.0	1.000	0.0	1.1	1.9	0.377	0.491	Streptococcus_mutans_gyrA_81_S->L
Stenotrophomonas_maltophilia	1	0.3	1	0.5	1.000	0.0	1.1	0.0	0.300	0.491	Stenotrophomonas_maltophilia_gyrB_442_D->N
Streptococcus_parasanguinis	4	1.3	2	1.0	1.000	0.0	2.3	1.9	0.320	0.491	Streptococcus_parasanguinis_parC_79_S->R
Streptococcus_sanguinis	1	0.3	1	0.5	1.000	0.0	0.0	1.0	0.396	0.491	Streptococcus_sanguinis_parC_79_S->R
Akkermansia_muciniphila	1	0.3	0	0.0	1.000	0.9	0.0	0.0	0.401	0.491	Akkermansia_muciniphila_gyrB_456_D->N
Neisseria_gonorrhoeae	1	0.3	1	0.5	1.000	0.9	0.0	0.0	0.401	0.491	Neisseria_gonorrhoeae_parC_91_E->Q
Collinsella_aerofaciens	2	0.7	2	1.0	1.000	0.9	1.1	0.0	0.572	0.615	Collinsella_aerofaciens_gyrB_437_D->N
Streptococcus_oralis	2	0.7	2	1.0	1.000	0.0	1.1	1.0	0.568	0.615	Streptococcus_oralis_parE_475_E->D
Blautia_obeum	1	0.3	0	0.0	1.000	0.0	0.0	1.0	0.396	0.491	Blautia_obeum_gyrA_84_S->L
Dorea_longicatena	1	0.3	0	0.0	1.000	0.0	0.0	1.0	0.396	0.491	Dorea_longicatena_gyrA_84_S->L
Helicobacter_pylori	1	0.3	0	0.0	1.000	0.0	0.0	1.0	0.396	0.491	Helicobacter_pylori_gyrA_110_Q->H
Roseburia_hominis	1	0.3	0	0.0	1.000	0.0	0.0	1.0	0.396	0.491	Roseburia_hominis_gyrA_84_S->L
Roseburia_intestinalis	1	0.3	0	0.0	1.000	0.0	0.0	1.0	0.396	0.491	Roseburia_intestinalis_gyrA_84_S->L
