gene	ucmc_mean	ucmc_median	ucmc_prevalence	zch_mean	zch_median	zch_prevalence	log2_fold_change	pvalue	mann_whitney_stat	fdr	significant_p005	significant_fdr005	significant_fdr01
tet(W)	23.08245635252042	7.686229999999999	68.59504132231406	0.02420889814814815	0.0	2.083333333333333	-7.5441210985425196	2.0463181853253622e-22	9747.0	1.748224188600153e-20	True	True	True
tet(W/N/W)	18.10844489256198	6.303605	67.76859504132231	0.013482291666666667	0.0	1.0416666666666665	-7.32599671290663	2.047106039555405e-22	9720.5	1.748224188600153e-20	True	True	True
tet(O/W)	19.711887876033064	6.31622	67.76859504132231	0.014381145833333333	0.0	1.0416666666666665	-7.436373287874421	2.0978690263201836e-22	9719.5	1.748224188600153e-20	True	True	True
tet(O/W/O)	17.719546190082646	5.99638	66.11570247933885	0.0	0.0	0.0	-7.477316786025472	4.387113187059931e-22	9648.0	2.741945741912457e-20	True	True	True
qacB	63.374967859504146	23.5324	96.69421487603306	10.738063083333335	0.695683	52.083333333333336	-2.550080809846522	5.145311764986649e-19	9876.0	2.2302532131891072e-17	True	True	True
qacA	63.471648520661155	23.5756	96.69421487603306	10.744051624999999	0.695683	52.083333333333336	-2.551479613939387	5.352607711653857e-19	9874.0	2.2302532131891072e-17	True	True	True
ant(4')-Ia	19.165630915289256	4.824105	87.60330578512396	2.6941277109375004	0.0	31.25	-2.7855595639822046	1.1536850943207363e-17	9636.0	4.1203039082883435e-16	True	True	True
mecR1	8.103236041322315	2.51626	60.33057851239669	0.9339459374999999	0.0	3.125	-2.9880323887779032	5.873539613072374e-17	9083.0	1.8354811290851168e-15	True	True	True
bleO	8.562164264462808	2.81719	80.99173553719008	1.19410034375	0.0	25.0	-2.7427780437711444	8.090994674532902e-17	9471.0	2.247498520703584e-15	True	True	True
erm(33)	21.890778231404962	1.56519	52.892561983471076	0.0	0.0	0.0	-7.780754850389701	1.0723233110265183e-16	8880.0	2.6808082775662957e-15	True	True	True
qacR	4.397442123966942	1.66901	76.85950413223141	0.7179909375000001	0.0	20.833333333333336	-2.4589479512628922	1.5095289518607551e-15	9265.0	3.4307476178653526e-14	True	True	True
erm(A)	2.3502942823691457	0.0	41.32231404958678	0.0	0.0	0.0	-4.614883123388098	1.4351273922378537e-12	8208.0	2.989848733828862e-11	True	True	True
ant(9)-Ia	2.476596090909091	0.0	39.66942148760331	0.0	0.0	0.0	-4.687394491877809	5.08223892278862e-12	8112.0	9.773536389978116e-11	True	True	True
blaR1	24.76148165013774	11.238433333333331	84.29752066115702	5.442740895833334	0.35484350000000003	50.0	-2.1652408048541067	3.407400469945542e-11	8808.0	6.02908818007601e-10	True	True	True
blaR1-2	25.159341760330584	11.3111	84.29752066115702	5.53105728125	0.362085	50.0	-2.1653393123367333	3.617452908045606e-11	8804.0	6.02908818007601e-10	True	True	True
pgsA	2.2568886033057853	0.284547	51.2396694214876	0.32288420833333337	0.0	8.333333333333332	-2.4785489799659013	5.993120941470476e-11	8304.0	9.36425147104762e-10	True	True	True
aac(3)-XI	4.896345619834711	1.81271	67.76859504132231	1.6773188333333333	0.0	25.0	-1.4911707684080433	3.616656829180967e-10	8489.0	5.318612984089657e-09	True	True	True
uhpT	13.008161111570248	5.70695	88.42975206611571	5.825640625000001	0.0	48.95833333333333	-1.1454222718868132	9.262618058623046e-10	8586.0	1.286474730364312e-08	True	True	True
rplC	7.02692509090909	3.31683	92.56198347107438	2.75380825	0.5856195	59.375	-1.320391358623698	1.075003335831552e-09	8594.5	1.4144780734625684e-08	True	True	True
gdpP	19.367739504132235	8.9506	83.47107438016529	16.188529791666667	0.0	30.208333333333332	-0.25722898371429664	1.5036432844030035e-09	8494.0	1.8795541055037545e-08	True	True	True
fusE	5.72954641322314	2.69171	92.56198347107438	2.3831057291666666	0.539214	59.375	-1.2312379423028537	1.8768975527911548e-09	8553.5	2.2344018485608985e-08	True	True	True
dfrC	9.1037130661157	2.81939	83.47107438016529	2.292352833333333	0.310408	52.083333333333336	-1.9437858275680193	2.6474585911414518e-09	8504.0	3.00847567175165e-08	True	True	True
glpT	6.878998123966943	1.85985	69.42148760330579	2.738728770833333	0.0	26.041666666666668	-1.2977749320680843	5.002541874257545e-09	8323.5	5.437545515497332e-08	True	True	True
tetAB_A	0.6541840495867768	0.0	5.785123966942149	17.23247754166667	0.0	37.5	4.522417442038714	5.498536057922305e-09	3943.0	5.727641727002401e-08	True	True	True
ileS	19.739330991735535	8.28668	84.29752066115702	6.8018085416666665	0.533165	50.0	-1.5233170183475677	6.752288069799497e-09	8432.0	6.752288069799496e-08	True	True	True
rpsJ	3.5774221837465565	1.64135	94.21487603305785	1.6297276927083335	0.48131250000000003	59.375	-1.0881498782154808	1.0662997739611574e-08	8423.5	1.0252882441934206e-07	True	True	True
fosB-Sepi	2.186734326446281	0.839105	67.76859504132231	0.8386505937500001	0.0	27.083333333333332	-1.2846286331167007	1.1720932316938248e-08	8257.0	1.0852715108276156e-07	True	True	True
tetAB_B	0.6360755537190081	0.0	6.6115702479338845	16.5557973125	0.0	36.45833333333333	4.500026749373732	2.78332851108235e-08	4031.5	2.4851147420378124e-07	True	True	True
mecI_of_mecA	0.33519354132231405	0.0	28.92561983471074	0.004030770833333333	0.0	1.0416666666666665	-2.0646468254938553	4.798023863904753e-08	7433.0	4.136227468883407e-07	True	True	True
blaI_of_Z	3.858862297520661	1.66321	78.51239669421489	1.3268574375000002	0.0	44.79166666666667	-1.4722446893572856	1.1401090008048233e-07	8185.0	9.212952922639389e-07	True	True	True
aph(2'')-Ia	4.320270380165289	1.4141699999999997	61.15702479338842	1.081285829861111	0.0	25.0	-1.9037765307108434	1.1792579740978419e-07	8032.0	9.212952922639389e-07	True	True	True
aac(6')-Ie	4.320270380165289	1.4141699999999997	61.15702479338842	1.081285829861111	0.0	25.0	-1.9037765307108434	1.1792579740978419e-07	8032.0	9.212952922639389e-07	True	True	True
mph(C)	2.7717972369146007	0.0	27.27272727272727	0.08276621527777776	0.0	1.0416666666666665	-3.973882576434522	1.9471020065803368e-07	7321.0	1.4750772777123762e-06	True	True	True
parE	12.959497549586777	4.740313333333333	85.9504132231405	5.419505263888889	0.7190894999999999	51.041666666666664	-1.2424885285988754	2.8028172513443427e-07	8137.5	2.060895037753193e-06	True	True	True
pbp2	7.926834752066116	0.0	46.28099173553719	2.3362944791666664	0.0	12.5	-1.7201426723876914	3.172868126303118e-07	7740.0	2.2663343759307987e-06	True	True	True
lmrS	3.096375479338843	0.0	33.88429752066116	0.6156701041666667	0.0	5.208333333333334	-2.159070272077185	5.455791526217432e-07	7453.0	3.7887441154287726e-06	True	True	True
aur	1.6509891157024792	0.0	23.96694214876033	0.037906666666666665	0.0	1.0416666666666665	-3.666406009652229	1.3620178068998332e-06	7140.0	9.202823019593469e-06	True	True	True
msr(A)	3.663993477685951	0.0	25.6198347107438	0.12964008333333332	0.0	2.083333333333333	-4.03481773877189	2.1719630250594077e-06	7168.0	1.4183540603959752e-05	True	True	True
blaZ	7.132688361570247	2.22153	74.3801652892562	2.0123180091145834	0.0	45.83333333333333	-1.775704942345271	2.2126323342177213e-06	7921.0	1.4183540603959752e-05	True	True	True
hlgC	0.4763424462809918	0.0	20.66115702479339	0.0	0.0	0.0	-2.5269262747724066	2.4763870739821022e-06	7008.0	1.547741921238814e-05	True	True	True
fusA	29.628681983471072	14.5965	93.38842975206612	18.05746875	4.995485	77.08333333333334	-0.7112924058985169	4.584879959698437e-06	7911.0	2.7956585120112418e-05	True	True	True
cls	4.341407595041321	0.0	49.586776859504134	3.0629584374999994	0.0	17.708333333333336	-0.48974237739209137	5.88165742389801e-06	7588.5	3.5009865618440536e-05	True	True	True
mprF	1.4168707024793388	0.0	19.00826446280992	0.0	0.0	0.0	-3.9230262108995992	6.923065714797795e-06	6912.0	4.025038206277788e-05	True	True	True
pbp4	0.6536832148760331	0.0	18.181818181818183	0.0	0.0	0.0	-2.913958263067889	1.151068894379741e-05	6864.0	6.394827190998562e-05	True	True	True
mepA	0.6354098677685951	0.0	18.181818181818183	0.0	0.0	0.0	-2.878548534829631	1.151068894379741e-05	6864.0	6.394827190998562e-05	True	True	True
lukE	0.3888561074380166	0.0	17.355371900826448	0.0	0.0	0.0	-2.2894098769676208	1.9069606182553023e-05	6816.0	9.729390909465828e-05	True	True	True
icaC	0.4864754049586777	0.0	17.355371900826448	0.0	0.0	0.0	-2.552070607165694	1.9069606182553023e-05	6816.0	9.729390909465828e-05	True	True	True
hlgB	0.44991636363636367	0.0	17.355371900826448	0.0	0.0	0.0	-2.45921221692408	1.9069606182553023e-05	6816.0	9.729390909465828e-05	True	True	True
hlgA	0.39124136363636364	0.0	17.355371900826448	0.0	0.0	0.0	-2.2964320440154915	1.9069606182553023e-05	6816.0	9.729390909465828e-05	True	True	True
sasG	1.7622258677685951	0.0	16.528925619834713	0.0	0.0	0.0	-4.218956161633324	3.148263555047411e-05	6768.0	0.0001574131777523705	True	True	True
ant(2'')-Ia	0.17009687603305784	0.0	4.958677685950414	4.908506496162279	0.0	23.958333333333336	4.212831606632363	3.7443170782732995e-05	4687.5	0.0001835449548173186	True	True	True
hld	0.1377711380165289	0.0	44.62809917355372	0.12271925520833332	0.0	14.583333333333334	-0.09434731154604772	4.3426582118737505e-05	7353.0	0.00020878164480162264	True	True	True
tet(38)	0.7750509283746556	0.0	18.181818181818183	0.0144025	0.0	1.0416666666666665	-2.9352484057184394	4.8628567069196534e-05	6805.5	0.00022938003334526668	True	True	True
selX	0.1955794297520661	0.0	15.702479338842975	0.0	0.0	0.0	-1.5635458715567931	5.180187326395101e-05	6720.0	0.00023982348733310652	True	True	True
tet(M)	1.0096604133247296	0.0	18.181818181818183	0.0765330328525641	0.0	1.0416666666666665	-2.652108168770513	5.5889045623930753e-05	6797.5	0.0002540411164724125	True	True	True
blaCTX-M	0.0	0.0	0.0	0.7774387084352111	0.0	12.5	3.133298352625328	6.686320176055378e-05	5082.0	0.00029849643643104363	True	True	True
blaOXA-2_fam	0.209385667539733	0.0	4.958677685950414	5.304896958670832	0.0	22.916666666666664	4.126788844239542	7.393530751750995e-05	4747.0	0.00032371471515392145	True	True	True
aadA1	0.1695395498187618	0.0	4.958677685950414	3.8858366665120023	0.0	22.916666666666664	3.8863137101850094	7.510181391570978e-05	4748.0	0.00032371471515392145	True	True	True
splA	0.23201809917355373	0.0	14.87603305785124	0.0	0.0	0.0	-1.7312618887897055	8.496236382944946e-05	6672.0	0.0003482064091370879	True	True	True
lukD	0.35606799999999994	0.0	14.87603305785124	0.0	0.0	0.0	-2.189248947084733	8.496236382944946e-05	6672.0	0.0003482064091370879	True	True	True
fosB_gen	0.12017230578512395	0.0	14.87603305785124	0.0	0.0	0.0	-1.1386330119578247	8.496236382944946e-05	6672.0	0.0003482064091370879	True	True	True
rpoC	57.73713950413223	36.5514	95.0413223140496	44.2805171875	17.0101	72.91666666666666	-0.38206972152411967	0.00011526204395203068	7577.0	0.0004647663062581882	True	True	True
acrB	6.300265904958678	0.0	46.28099173553719	5.46289220486111	0.0	19.791666666666664	-0.2022966944671903	0.00012123018277748915	7306.5	0.0004810721538789252	True	True	True
parC	6.799264391774892	2.466918333333333	63.63636363636363	4.6563462187499995	0.0	34.375	-0.5365888141505594	0.0001845150444438858	7420.0	0.000718497743338004	True	True	True
erm(B)	0.061767974025974025	0.0	4.132231404958678	1.2624192738095237	0.0	19.791666666666664	3.074172825763525	0.00018680941326788104	4873.0	0.000718497743338004	True	True	True
folP	0.8900906515151517	0.0	35.53719008264463	0.6811929895833333	0.0	12.5	-0.3418816201165369	0.00019775897365349824	7115.0	0.0007490870214147661	True	True	True
aadA21	0.06992421487603305	0.0	2.479338842975207	2.5573781666666666	0.0	16.666666666666664	3.9670401876900376	0.00021102334914057977	4973.0	0.0007841897567169425	True	True	True
murA	8.929347648760332	3.8529	88.42975206611571	6.952717505208334	1.41123	62.5	-0.35644250572138386	0.00021329961382700837	7499.0	0.0007841897567169425	True	True	True
cmx	1.589948650137741	0.0	9.917355371900827	8.802111472222222	0.0	29.166666666666668	2.3971681561026013	0.0002876341719800496	4681.0	0.001042152797029165	True	True	True
splB	0.23365093388429753	0.0	12.396694214876034	0.0	0.0	0.0	-1.7383395419398238	0.00036833299713540346	6528.0	0.0013154749897692978	True	True	True
msr(D)	0.8498046446280991	0.0	25.6198347107438	0.35487135416666665	0.0	6.25	-1.0621722283314374	0.0003850247489761246	6877.0	0.0013557209470990304	True	True	True
mef(A)	0.6155529265929662	0.0	25.6198347107438	0.28344544642857145	0.0	6.25	-0.9000371441500159	0.0004100521070721315	6872.0	0.001423792038444901	True	True	True
aadA22	0.13706744628099174	0.0	4.958677685950414	3.4268591041666667	0.0	19.791666666666664	3.895014469164141	0.0005032002417787955	4921.5	0.0017232884992424505	True	True	True
aadA25	0.16893081818181818	0.0	4.958677685950414	4.031235260416667	0.0	19.791666666666664	3.941266223596887	0.0005181501562449771	4923.5	0.0017505072846114092	True	True	True
gyrB	25.170900606060606	10.106126666666666	95.0413223140496	22.465740190972223	4.712115000000001	79.16666666666666	-0.16334297812009235	0.0006373747248939554	7376.0	0.0021245824163131847	True	True	True
sul1	0.596494762127201	0.0	11.570247933884298	5.606282043725297	0.0	29.166666666666668	3.034366648166199	0.000778189057575846	4743.0	0.0025598324262363355	True	True	True
aph(3')-Ia	12.619470804407714	6.635116666666666	73.55371900826447	8.5482881640625	0.719648	53.125	-0.5565521482136423	0.0009085859589194786	7298.0	0.0029499544120762293	True	True	True
sem	0.15847672727272724	0.0	10.743801652892563	0.0	0.0	0.0	-1.3700343890132771	0.0009671151959564544	6432.0	0.003099728192168123	True	True	True
mco	2.737477355371901	0.0	33.057851239669425	1.292342625	0.0	13.541666666666666	-1.0270946084500852	0.0010265107092133916	6945.5	0.0032484516114347833	True	True	True
ble-MBL	0.0	0.0	0.0	0.45113056249999994	0.0	8.333333333333332	2.462394132876481	0.001263761934879755	5324.0	0.0038529327282919358	True	True	True
dfrK	0.0	0.0	0.0	0.4270666736111111	0.0	8.333333333333332	2.397985473444811	0.001263761934879755	5324.0	0.0038529327282919358	True	True	True
blaNDM	0.0	0.0	0.0	0.6900149084914426	0.0	8.333333333333332	2.9818798788640772	0.001263761934879755	5324.0	0.0038529327282919358	True	True	True
seo	0.1366625619834711	0.0	9.917355371900827	0.0	0.0	0.0	-1.2428315019632998	0.0015625158917448067	6384.0	0.004706373167906044	True	True	True
qacE_gen	0.33813760330578513	0.0	10.743801652892563	2.945367947916667	0.0	26.041666666666668	2.7971606033159744	0.002457395641705064	4886.0	0.007080885262906047	True	True	True
mecA-ceftar	16.561214900826446	7.1493775	81.81818181818183	14.508372244791667	2.826695	66.66666666666666	-0.1896981697435583	0.0024748099954203322	7188.0	0.007080885262906047	True	True	True
mecA	16.52153421212121	7.111758333333333	81.81818181818183	14.486263689236111	2.8202225	66.66666666666666	-0.18844317251565743	0.0024928280953443174	7187.0	0.007080885262906047	True	True	True
sei	0.10555068595041324	0.0	9.090909090909092	0.0	0.0	0.0	-1.0394941863781735	0.0025207951535945526	6336.0	0.007080885262906047	True	True	True
vga(A)	1.9221058431719795	0.0	9.090909090909092	0.0	0.0	0.0	-4.337786609152465	0.0025207951535945526	6336.0	0.007080885262906047	True	True	True
selV	0.1303451900826446	0.0	9.090909090909092	0.0	0.0	0.0	-1.2037974728439447	0.0025207951535945526	6336.0	0.007080885262906047	True	True	True
rmtB	0.0	0.0	0.0	0.7083327760416666	0.0	7.291666666666667	3.014949346824073	0.00262636432667782	5384.5	0.007295456462993945	True	True	True
qacE	0.284411847107438	0.0	9.917355371900827	2.034745484375	0.0	23.958333333333336	2.47333937035768	0.004434727847827023	4970.5	0.012183318263261054	True	True	True
dfrG	0.004787826446280992	0.0	0.8264462809917356	0.4828766770833333	0.0	8.333333333333332	2.475719551686918	0.00572324709703171	5369.0	0.015552301894107907	True	True	True
mecA2	13.979152867768596	6.261855	76.85950413223141	13.115742375000002	2.4474175000000002	64.58333333333334	-0.09130306215161803	0.0072268541421346135	7028.0	0.019427027263802726	True	True	True
merT	0.048354943057851235	0.0	11.570247933884298	0.01645648333333333	0.0	2.083333333333333	-0.3492620378583723	0.009541275197839056	6348.0	0.025375731909146427	True	True	True
sel26	0.0770284132231405	0.0	6.6115702479338845	0.0	0.0	0.0	-0.8239809327735179	0.010549962962272506	6192.0	0.02776306042703291	True	True	True
crrB	0.0	0.0	0.0	0.1419459270833333	0.0	5.208333333333334	1.2746846530971883	0.011420595523689462	5505.5	0.02974113417627464	True	True	True
qacC	0.815716347107438	0.0	47.107438016528924	1.7906162083333335	0.0	28.125	1.045883846049521	0.015717877797671236	6782.0	0.04050999432389494	True	True	True
marR	0.05403026446280992	0.0	5.785123966942149	0.0	0.0	0.0	-0.6232138450802566	0.0170287415861417	6144.0	0.04344066731158597	True	True	True
arsC_thio	0.7331994545454544	0.0	15.702479338842975	0.654403140625	0.0	29.166666666666668	-0.1433262128671572	0.018226137475234452	5026.0	0.046025599684935484	True	True	True
arsC_gluta	0.0853221046831956	0.0	9.917355371900827	0.022434920138888887	0.0	2.083333333333333	-0.5980198787345701	0.021569009829569635	6258.0	0.05392252457392409	True	False	True
cadD	1.3732295537190082	0.0	28.09917355371901	1.8174422395833332	0.0	42.70833333333333	0.3802008752768109	0.025766498189947508	4938.5	0.0637784608662067	True	False	True
silS	0.1486917520661157	0.0	9.090909090909092	0.09753479166666668	0.0	2.083333333333333	-0.33225188439738224	0.03632999349195933	6204.0	0.08904410169597876	True	False	True
ompC	0.16982971900826446	0.0	6.6115702479338845	0.14612291666666666	0.0	1.0416666666666665	-0.13267026093689185	0.04441060936893803	6127.5	0.1077927411867428	True	False	False
senB	0.13398438016528924	0.0	4.132231404958678	0.0	0.0	0.0	-1.2264122246367972	0.04485010401192739	6048.0	0.10781275002867162	True	False	False
arsB_pI258	10.916057747933884	2.6472	59.50413223140496	5.264211390625	1.1097525	55.208333333333336	-1.038170030838068	0.052258355988174604	6665.5	0.12442465711470144	False	False	False
rpoB	54.86855793290043	39.39115	96.69421487603306	64.76313957465278	24.33696666666666	87.5	0.23879222470891118	0.06159180747322796	6667.0	0.14526369687082066	False	False	False
clbN	0.3486284297520661	0.0	5.785123966942149	0.074843125	0.0	1.0416666666666665	-1.3594599784546288	0.06818864677464521	6082.0	0.15872327489691807	False	False	False
lpxM	0.07339876859504131	0.0	4.958677685950414	0.7132818333333333	0.0	11.458333333333332	2.2296617349010024	0.06915051359892085	5418.5	0.15872327489691807	False	False	False
silB	0.10098373553719008	0.0	5.785123966942149	0.035758125	0.0	1.0416666666666665	-0.5660402124832863	0.06920334785505627	6081.0	0.15872327489691807	False	False	False
nfsB	0.06761275206611571	0.0	3.3057851239669422	0.0	0.0	0.0	-0.7451319142084383	0.07358581378170342	6000.0	0.16724048586750778	False	False	False
tet(K)	0.13976152066115702	0.0	7.43801652892562	0.037328541666666666	0.0	2.083333333333333	-0.8039686400696036	0.07632594161001774	6118.0	0.17190527389643634	False	False	False
pbp2m	27.962447107438017	13.8094	75.20661157024794	39.930687604166664	3.37249	60.416666666666664	0.5124655763635304	0.08009572158370361	6600.0	0.1773712402900296	False	False	False
arsB_R773	0.3229334297520661	0.0	10.743801652892563	0.30820287500000004	0.0	4.166666666666666	-0.05114425581727837	0.08017180061109339	6183.0	0.1773712402900296	False	False	False
silC	0.13018295041322311	0.0	7.43801652892562	0.09767583333333334	0.0	2.083333333333333	-0.21964447084015265	0.08423954232764884	6110.0	0.18312943984271485	False	False	False
pcoD	0.08932820661157025	0.0	7.43801652892562	0.09102031249999999	0.0	2.083333333333333	0.012836694541228991	0.08423954232764884	6110.0	0.18312943984271485	False	False	False
mupA	14.756118917355373	4.46092	71.900826446281	12.569763645833333	2.272075	61.458333333333336	-0.22966765735033048	0.09108148148361322	6571.0	0.19629629630089057	False	False	False
blaSHV	0.03598835279795197	0.0	4.958677685950414	0.7505819232378723	0.0	10.416666666666668	2.644967102741223	0.10490675925048759	5470.0	0.22415974198822133	False	False	False
clbB_Ec	0.6845858677685951	0.0	4.958677685950414	0.14645	0.0	1.0416666666666665	-1.6706363683189596	0.10643393799622028	6035.5	0.22549563134792433	False	False	False
gyrA	30.916663554489702	21.3132	95.86776859504133	41.49051481233466	12.802707222222221	80.20833333333334	0.4232110381405608	0.10887612568652598	6544.5	0.2287313564842983	False	False	False
aph(6)-Id	11.795510818181818	4.71305	69.42148760330579	15.400977864583334	1.3205200000000001	57.291666666666664	0.38194200398368694	0.11045680878143095	6524.5	0.22981342106147873	False	False	False
rseA	0.04374550413223141	0.0	4.958677685950414	0.42066284375	0.0	10.416666666666668	1.8568326206402375	0.1112296957937557	5476.0	0.22981342106147873	False	False	False
sdeY	0.0	0.0	0.0	0.08593947916666667	0.0	2.083333333333333	0.8948331196440175	0.11300989820316988	5687.0	0.23157766025239732	False	False	False
ybtQ	0.22787301652892564	0.0	8.264462809917356	0.09409333333333335	0.0	3.125	-0.7563866093251722	0.11720747871732018	6104.5	0.23822658275878086	False	False	False
rplD	1.1429538636363636	0.0	46.28099173553719	2.288300833333333	0.0	30.208333333333332	0.9422118247414096	0.12042965051643938	6436.5	0.2427753468147388	False	False	False
ybtP	0.1673258429752066	0.0	6.6115702479338845	0.07756218749999999	0.0	2.083333333333333	-0.5902749254641532	0.1213876734073694	6067.0	0.2427753468147388	False	False	False
liaF	0.0359794214876033	0.0	2.479338842975207	0.0	0.0	0.0	-0.44338833703345676	0.12245642606549106	5952.0	0.2429690993362918	False	False	False
arsB_pKW301	0.3937428181818182	0.0	14.049586776859504	0.6196307395833333	0.0	7.291666666666667	0.5434970503701944	0.13536197111652948	6182.0	0.2664605730640344	False	False	False
aph(3'')-Ib	9.961628971074383	3.9171	66.11570247933885	14.413311708333334	1.169555	55.208333333333336	0.5285128617487518	0.15897275210181216	6436.5	0.31049365644885185	False	False	False
arsB_pYV	0.2836543305785124	0.0	9.090909090909092	0.3205080833333333	0.0	4.166666666666666	0.13232649363822396	0.16496085071590816	6089.0	0.31969157115486074	False	False	False
ramR	0.054158413223140495	0.0	6.6115702479338845	0.5178739479166666	0.0	11.458333333333332	2.0028989178866192	0.17564216959265389	5502.5	0.3361677003965919	False	False	False
arsD	0.019581177685950413	0.0	4.132231404958678	0.012605369791666666	0.0	1.0416666666666665	-0.08671469775788673	0.17615187500781415	5985.0	0.3361677003965919	False	False	False
lamB	0.0966387520661157	0.0	5.785123966942149	0.9670435104166666	0.0	10.416666666666668	2.439999435424303	0.17920073221868382	5520.0	0.33939532617174967	False	False	False
pcoR	0.06502628099173555	0.0	7.43801652892562	0.06634982291666668	0.0	3.125	0.011524533620713272	0.184433209788341	6050.0	0.34131386763144794	False	False	False
arsA	0.09761305509641874	0.0	5.785123966942149	0.06587871527777778	0.0	2.083333333333333	-0.2525494813852887	0.18468198192848906	6019.0	0.34131386763144794	False	False	False
pcoB	0.04825751239669422	0.0	5.785123966942149	0.05804	0.0	2.083333333333333	0.09218454161234724	0.18677668188499208	6018.0	0.34131386763144794	False	False	False
pcoA	0.1202753223140496	0.0	5.785123966942149	0.09313177083333334	0.0	2.083333333333333	-0.18972236533038392	0.18677668188499208	6018.0	0.34131386763144794	False	False	False
pcoS	0.07552600000000001	0.0	5.785123966942149	0.06871197916666667	0.0	2.083333333333333	-0.057122333418959254	0.19101863964412114	6016.0	0.34131386763144794	False	False	False
pbp2x	0.7014030254820937	0.0	20.66115702479339	0.7197265902777779	0.0	12.5	0.03261484048697351	0.19792465947911997	6196.0	0.34131386763144794	False	False	False
arsR_pYV	0.0039059504132231406	0.0	1.6528925619834711	0.0	0.0	0.0	-0.05527827585746862	0.2091123843934286	5904.0	0.34131386763144794	False	False	False
yybT	0.12573578512396694	0.0	1.6528925619834711	0.0	0.0	0.0	-1.1746351421830086	0.2091123843934286	5904.0	0.34131386763144794	False	False	False
ncrC	0.01435472727272727	0.0	1.6528925619834711	0.0	0.0	0.0	-0.19351600608149164	0.2091123843934286	5904.0	0.34131386763144794	False	False	False
lsa(A)	0.06903433884297522	0.0	1.6528925619834711	0.0	0.0	0.0	-0.7573163556561349	0.2091123843934286	5904.0	0.34131386763144794	False	False	False
mdtM	0.02738731404958678	0.0	1.6528925619834711	0.0	0.0	0.0	-0.349221613002171	0.2091123843934286	5904.0	0.34131386763144794	False	False	False
merE	0.007553140495867768	0.0	1.6528925619834711	0.0	0.0	0.0	-0.10504965132225265	0.2091123843934286	5904.0	0.34131386763144794	False	False	False
ompF	0.015697239669421485	0.0	1.6528925619834711	0.0	0.0	0.0	-0.2103544447155677	0.2091123843934286	5904.0	0.34131386763144794	False	False	False
fdeC	0.06261157024793389	0.0	1.6528925619834711	0.0	0.0	0.0	-0.7014299126740089	0.2091123843934286	5904.0	0.34131386763144794	False	False	False
gshF	0.1191088429752066	0.0	1.6528925619834711	0.0	0.0	0.0	-1.1316477109782066	0.2091123843934286	5904.0	0.34131386763144794	False	False	False
MerP_Gneg	0.006120768595041322	0.0	1.6528925619834711	0.0	0.0	0.0	-0.08570702964493677	0.2091123843934286	5904.0	0.34131386763144794	False	False	False
basR	0.015814363636363637	0.0	1.6528925619834711	0.0	0.0	0.0	-0.2118141916853082	0.2091123843934286	5904.0	0.34131386763144794	False	False	False
iss	0.0043884413223140495	0.0	1.6528925619834711	0.0	0.0	0.0	-0.06196197464563692	0.2091123843934286	5904.0	0.34131386763144794	False	False	False
iucD	0.02231322314049587	0.0	1.6528925619834711	0.0	0.0	0.0	-0.2905803803819575	0.2091123843934286	5904.0	0.34131386763144794	False	False	False
liaS	0.061305090909090906	0.0	1.6528925619834711	0.0	0.0	0.0	-0.689791971744621	0.2091123843934286	5904.0	0.34131386763144794	False	False	False
liaR	0.027732611570247936	0.0	1.6528925619834711	0.0	0.0	0.0	-0.35312690831510374	0.2091123843934286	5904.0	0.34131386763144794	False	False	False
mdrA	0.47955066942148755	0.0	9.917355371900827	1.5089663541666667	0.0	15.625	1.4731274525596343	0.21024934246097193	5477.5	0.34131386763144794	False	False	False
tet(A)	0.011172779864763335	0.0	0.8264462809917356	0.08524759469696969	0.0	3.125	0.7366512161596858	0.2122921211766392	5674.0	0.3424066470590955	False	False	False
oqxB	0.6077443965635374	0.0	10.743801652892563	2.7968744335307503	0.0	15.625	2.0331968246109504	0.2458913960364849	5497.0	0.39405672441744377	False	False	False
sul2	0.0196965791481246	0.0	1.6528925619834711	0.08684028044871794	0.0	4.166666666666666	0.6424235941822366	0.25828988293239086	5660.0	0.4112896225038071	False	False	False
terC	0.0	0.0	0.0	0.028723541666666668	0.0	1.0416666666666665	0.3642759256631553	0.2655347738734384	5747.5	0.4145067307571489	False	False	False
LHR_psiE	0.0	0.0	0.0	0.027992604166666667	0.0	1.0416666666666665	0.3560604489726253	0.2655347738734384	5747.5	0.4145067307571489	False	False	False
LHR_yfdX1	0.0	0.0	0.0	0.008646291666666667	0.0	1.0416666666666665	0.11963893305198572	0.2655347738734384	5747.5	0.4145067307571489	False	False	False
fos_A_A2	0.053057574380165284	0.0	3.3057851239669422	0.0049407395833333334	0.0	1.0416666666666665	-0.5444995787616742	0.2688844994275189	5940.5	0.4145067307571489	False	False	False
aph(3')-IIIa	0.11241385743801653	0.0	4.958677685950414	0.10972680208333334	0.0	2.083333333333333	-0.01836664488438933	0.2726754188103031	5973.0	0.4145067307571489	False	False	False
merD	0.025548884297520662	0.0	3.3057851239669422	0.0075821302083333335	0.0	1.0416666666666665	-0.22281074722890912	0.2762054688455381	5938.5	0.4145067307571489	False	False	False
tet(L)	0.1957256396694215	0.0	3.3057851239669422	0.06334660156250001	0.0	1.0416666666666665	-0.8563228920754277	0.2762054688455381	5938.5	0.4145067307571489	False	False	False
cirA	0.13317760330578512	0.0	5.785123966942149	1.4717734375000002	0.0	9.375	2.7528921464871994	0.27649878075474055	5581.0	0.4145067307571489	False	False	False
silF	0.023403352892561985	0.0	4.958677685950414	0.018493375	0.0	2.083333333333333	-0.058575193450861006	0.27854852306880407	5971.0	0.4145067307571489	False	False	False
sat4	0.07653834435261708	0.0	4.958677685950414	0.06914441319444443	0.0	2.083333333333333	-0.06172604673205964	0.27854852306880407	5971.0	0.4145067307571489	False	False	False
silP	0.13024471074380164	0.0	4.958677685950414	0.13259677083333335	0.0	2.083333333333333	0.014663053216805532	0.27854852306880407	5971.0	0.4145067307571489	False	False	False
rpsL	0.486062041322314	0.0	23.140495867768596	0.4844030625	0.0	18.75	-0.004089659939117677	0.309666343136222	6142.0	0.4580863064145295	False	False	False
silR	0.12629896694214876	0.0	11.570247933884298	0.16787732291666668	0.0	7.291666666666667	0.24334245668811477	0.326942126149382	6039.5	0.48079724433732646	False	False	False
dfrB	0.23207022314049588	0.0	9.917355371900827	0.0976169375	0.0	6.25	-0.7487817578380922	0.3334800226119009	6021.0	0.4875438927074574	False	False	False
walK	24.497183256198348	11.3659	95.86776859504133	40.360357083333334	10.9055	86.45833333333334	0.7180159375181051	0.33801289081024366	6248.5	0.4912978064102379	False	False	False
acrF	1.037954876033058	0.0	12.396694214876034	1.2328104166666667	0.0	8.333333333333332	0.22802823055924248	0.3497562056242687	6038.0	0.5054280428096368	False	False	False
fieF	0.3333041570247934	0.0	16.528925619834713	0.810860453125	0.0	11.458333333333332	1.0718499676646316	0.37112480930783165	6058.5	0.5332253007296432	False	False	False
LHR_yfdX2	0.0063290826446281	0.0	0.8264462809917356	0.0	0.0	0.0	-0.08853625019602904	0.3780769170592253	5856.0	0.5340069449989058	False	False	False
SMR_efflux_emrE	0.007459297520661158	0.0	0.8264462809917356	0.0	0.0	0.0	-0.10379031205054857	0.3780769170592253	5856.0	0.5340069449989058	False	False	False
arsH	0.003616619834710744	0.0	0.8264462809917356	0.0	0.0	0.0	-0.05125542609456733	0.3780769170592253	5856.0	0.5340069449989058	False	False	False
ompK35	0.10281435537190084	0.0	7.43801652892562	0.7651487916666667	0.0	10.416666666666668	2.092788503280873	0.3805074185399575	5610.0	0.5344205316572437	False	False	False
erm(X)	14.32810194695986	6.07709875	74.3801652892562	26.115850109375003	2.738205625	61.458333333333336	0.8615578071688779	0.3909316681855167	6196.5	0.545993949979772	False	False	False
lapB	0.18083090909090913	0.0	8.264462809917356	0.7698447916666668	0.0	11.458333333333332	1.631056268934158	0.4031513117426948	5610.5	0.5599323774204095	False	False	False
arsR_pKW301	0.031566942148760324	0.0	4.132231404958678	0.026705687500000002	0.0	2.083333333333333	-0.0543157544189566	0.41139589116005837	5924.0	0.5651042460989812	False	False	False
pcoC	0.020382454545454544	0.0	4.132231404958678	0.02573890625	0.0	2.083333333333333	0.06280598081365373	0.41139589116005837	5924.0	0.5651042460989812	False	False	False
fosA_gen	0.04448618181818182	0.0	5.785123966942149	0.33333742708333336	0.0	8.333333333333332	1.5845593219335716	0.43266837428279836	5649.0	0.5910770140475388	False	False	False
merR_Ps	0.032766094490358125	0.0	6.6115702479338845	0.034648277430555555	0.0	4.166666666666666	0.020309011935869772	0.4631406519105852	5942.0	0.6232307600985839	False	False	False
mgrB	0.00627394132231405	0.0	3.3057851239669422	0.05364402604166666	0.0	5.208333333333334	0.5318037861849504	0.46479148459127617	5691.5	0.6232307600985839	False	False	False
uhpA	0.19208379338842976	0.0	11.570247933884298	0.7523303437500001	0.0	14.583333333333334	1.5450303836803423	0.46501504795614934	5612.0	0.6232307600985839	False	False	False
iucB	0.017545669421487605	0.0	1.6528925619834711	0.09884	0.0	3.125	0.7583866197146916	0.46617660855374077	5720.5	0.6232307600985839	False	False	False
iroC	0.3552666115702479	0.0	3.3057851239669422	0.8544230208333333	0.0	5.208333333333334	1.0679171828919434	0.4842570676671125	5696.5	0.6405516768083499	False	False	False
iroB	0.1195299173553719	0.0	3.3057851239669422	0.32285490625	0.0	5.208333333333334	0.9457451554105566	0.4842570676671125	5696.5	0.6405516768083499	False	False	False
pmrB	0.1058676644628099	0.0	8.264462809917356	0.815891	0.0	10.416666666666668	2.153458669363958	0.5166257571193043	5658.0	0.67634705870394	False	False	False
clpK	0.3001142975206611	0.0	7.43801652892562	0.41976541666666667	0.0	5.208333333333334	0.37744846295205414	0.5178415272416077	5935.0	0.67634705870394	False	False	False
phoQ	0.19362278512396697	0.0	8.264462809917356	1.0128138020833335	0.0	10.416666666666668	1.9221763879082316	0.519434541084626	5659.0	0.67634705870394	False	False	False
phoP	0.14702439669421488	0.0	9.090909090909092	0.49006035416666666	0.0	11.458333333333332	1.2562089949938249	0.523509070297857	5654.0	0.6781205573806437	False	False	False
emrR	0.1156082644628099	0.0	9.090909090909092	0.3486624895833333	0.0	11.458333333333332	1.0572180935954962	0.5481453080554997	5663.0	0.706372819659149	False	False	False
ampD	0.03724835537190083	0.0	3.3057851239669422	0.011125708333333333	0.0	2.083333333333333	-0.30459624666138047	0.5784561955514983	5881.0	0.7378267800401763	False	False	False
blaACT	0.13170759260038206	0.0	3.3057851239669422	0.02579306785130719	0.0	2.083333333333333	-0.8812528982375469	0.5784561955514983	5881.0	0.7378267800401763	False	False	False
silA	0.5713558925619835	0.0	12.396694214876034	2.2384571875000003	0.0	9.375	1.8004073545403483	0.5962872141471528	5941.0	0.7530322754934994	False	False	False
baeR	0.1488112727272727	0.0	10.743801652892563	0.5650728125	0.0	12.5	1.4184604460497732	0.6001303509921339	5674.0	0.7530322754934994	False	False	False
cpxA	0.4191839008264463	0.0	11.570247933884298	1.5779978124999998	0.0	13.541666666666666	1.6924232818597744	0.6003260585723607	5669.5	0.7530322754934994	False	False	False
blaTEM	0.11356572252883552	0.0	19.834710743801654	0.6681680973744623	0.0	14.583333333333334	1.846741936967787	0.6024258203947995	5967.0	0.7530322754934994	False	False	False
lon	0.7666444132231406	0.0	15.702479338842975	2.2021511458333336	0.0	17.708333333333336	1.4094704776278142	0.6154218969997701	5658.0	0.7654501206464802	False	False	False
oqxA	0.24683964537941394	0.0	10.743801652892563	0.9483688948863636	0.0	12.5	1.5958057348109624	0.6305026509737223	5685.0	0.7803250630862899	False	False	False
ompR	0.2644011570247934	0.0	14.049586776859504	0.7707271354166667	0.0	15.625	1.256693144409686	0.6552360574913603	5681.0	0.8069409575016752	False	False	False
ptsI	0.44327727272727274	0.0	11.570247933884298	1.0970811145833332	0.0	13.541666666666666	1.139760312870887	0.6623944018700814	5692.5	0.8117578454290213	False	False	False
fabG	0.15077879338842975	0.0	9.917355371900827	0.44896596875000006	0.0	11.458333333333332	1.1303013624525986	0.6717613295466539	5703.5	0.8192211335934805	False	False	False
oqxR	0.1064992727272727	0.0	9.090909090909092	0.39031221874999994	0.0	10.416666666666668	1.2475640139252884	0.6759447835165178	5709.0	0.820321339219075	False	False	False
pcoE	0.013431619834710744	0.0	1.6528925619834711	0.006174072916666666	0.0	1.0416666666666665	-0.09539134587098642	0.6983997023545732	5844.5	0.8422451079463271	False	False	False
erm(C)	71.73057651074379	22.352526666666662	95.86776859504133	111.26341163194445	20.046196666666667	87.5	0.6326053143962627	0.7007479298113442	5985.0	0.8422451079463271	False	False	False
blaEC	0.029016558978211867	0.0	1.6528925619834711	0.011452083333333333	0.0	1.0416666666666665	-0.2111326594939063	0.7063830177220878	5843.5	0.8449557628254639	False	False	False
terD	0.010122537190082645	0.0	1.6528925619834711	0.014968645833333334	0.0	1.0416666666666665	0.06213070936530729	0.7143987689243472	5842.5	0.8504747249099371	False	False	False
nfsA	0.06511363636363636	0.0	4.132231404958678	0.2100207291666667	0.0	3.125	0.9089054087013941	0.7212791490002193	5862.0	0.8545961481045252	False	False	False
LHR_hsp20A	0.023104801652892564	0.0	3.3057851239669422	0.05751660416666667	0.0	4.166666666666666	0.3556168795847185	0.7262775029540702	5755.0	0.8564593195213093	False	False	False
ftsI	0.6863596225895316	0.0	19.00826446280992	1.6776350694444444	0.0	16.666666666666664	1.1766980335606423	0.7536560484211012	5905.0	0.8837687324480278	False	False	False
iroN	0.30718132231404965	0.0	3.3057851239669422	0.552851412037037	0.0	4.166666666666666	0.6810832884694411	0.7565060349755117	5761.0	0.8837687324480278	False	False	False
baeS	0.29214564187327824	0.0	11.570247933884298	1.077117857638889	0.0	12.5	1.5857973037021365	0.7619022930963382	5729.0	0.8859328989492304	False	False	False
pmrA	0.4160772685950413	0.0	28.92561983471074	1.1672272881944445	0.0	26.041666666666668	1.2960163160973721	0.800498185019014	5716.0	0.9129520241393282	False	False	False
acrR	0.057686471074380165	0.0	6.6115702479338845	0.34670276041666664	0.0	7.291666666666667	1.5022562824060994	0.800678663122486	5756.5	0.9129520241393282	False	False	False
iutA	0.042041322314049584	0.0	1.6528925619834711	0.1546225	0.0	2.083333333333333	0.8420492141178265	0.8044525056536441	5781.0	0.9129520241393282	False	False	False
LHR_trx	0.0071910495867768594	0.0	1.6528925619834711	0.02886810416666667	0.0	2.083333333333333	0.2657107835962005	0.8044525056536441	5781.0	0.9129520241393282	False	False	False
iucC	0.03253247933884298	0.0	1.6528925619834711	0.13400489583333333	0.0	2.083333333333333	0.8201927541147784	0.8044525056536441	5781.0	0.9129520241393282	False	False	False
iucA	0.033937479338842974	0.0	1.6528925619834711	0.0960159375	0.0	2.083333333333333	0.5494112381998091	0.8116903667831827	5782.0	0.9129520241393282	False	False	False
cyaA	0.8495965041322314	0.0	14.87603305785124	2.3735689583333333	0.0	15.625	1.3812075906838197	0.8127161331689807	5739.5	0.9129520241393282	False	False	False
fabI	0.14630198347107437	0.0	9.917355371900827	0.5365358854166667	0.0	10.416666666666668	1.3698136040388478	0.8143532055322807	5751.0	0.9129520241393282	False	False	False
envZ	0.46069821487603296	0.0	14.87603305785124	1.5181618541666666	0.0	15.625	1.5290595366108404	0.8181266065018167	5741.5	0.9130877304707775	False	False	False
ompK36	0.2553063388429752	0.0	10.743801652892563	0.8362747708333332	0.0	9.375	1.3978685558683233	0.8305206389694116	5860.0	0.9207681625908677	False	False	False
emrD	0.35826295041322315	0.0	14.049586776859504	1.2431808611111113	0.0	12.5	1.5514060219666606	0.8323744189821444	5866.0	0.9207681625908677	False	False	False
LHR_hsp20B	0.0017480330578512398	0.0	0.8264462809917356	0.0049407395833333334	0.0	1.0416666666666665	0.04457395740645414	0.8694168931145865	5795.0	0.9575075915358882	False	False	False
merA	0.28497361983471076	0.0	12.396694214876034	0.5402918055555556	0.0	11.458333333333332	0.7339699574065477	0.9001759302291132	5841.0	0.9870350112161329	False	False	False
fosA5_fam	0.06137624931129476	0.0	8.264462809917356	0.3622652465277778	0.0	8.333333333333332	1.5182926393279368	0.9184377597750861	5785.0	1.0	False	False	False
soxR	0.12166784297520661	0.0	9.917355371900827	0.4158139166666667	0.0	9.375	1.2184512018272409	0.9323617652696805	5828.5	1.0	False	False	False
soxS	0.10376489256198347	0.0	12.396694214876034	0.29873973958333333	0.0	12.5	0.9685418903307049	0.9440048516736979	5789.0	1.0	False	False	False
pbp2b	0.6809310013774105	0.0	19.00826446280992	1.3487821180555555	0.0	16.666666666666664	0.8915736539167025	0.9468468842630363	5829.0	1.0	False	False	False
kdeA	0.2573697190082645	0.0	9.917355371900827	0.8189062604166667	0.0	9.375	1.3625003008823464	0.9593858844785788	5820.5	1.0	False	False	False
arsR_R46	0.02485704132231405	0.0	3.3057851239669422	0.04083755208333333	0.0	3.125	0.1737548723960564	0.9602943411340926	5815.5	1.0	False	False	False
tufA	3.1641371900826445	0.0	30.57851239669421	3.42805321875	0.0	34.375	0.11217062897634048	0.9696692524630158	5793.0	1.0	False	False	False
arnC	0.2519622975206611	0.0	13.223140495867769	1.0893846875	0.0	12.5	1.7567226076322642	0.9895639328914034	5812.0	1.0	False	False	False
ariR	0.0	0.0	0.0	0.0	0.0	0.0	0.0	1.0	5808.0	1.0	False	False	False
aadE	0.0	0.0	0.0	0.0	0.0	0.0	0.0	1.0	5808.0	1.0	False	False	False
aacA-ENT1	0.0	0.0	0.0	0.0	0.0	0.0	0.0	1.0	5808.0	1.0	False	False	False
aac(6')_Entco	0.0	0.0	0.0	0.0	0.0	0.0	0.0	1.0	5808.0	1.0	False	False	False
fos_A3_A4	0.0	0.0	0.0	0.0	0.0	0.0	0.0	1.0	5808.0	1.0	False	False	False
eat(A)	0.0	0.0	0.0	0.0	0.0	0.0	0.0	1.0	5808.0	1.0	False	False	False
clpL	0.0	0.0	0.0	0.0	0.0	0.0	0.0	1.0	5808.0	1.0	False	False	False
dltC	0.0	0.0	0.0	0.0	0.0	0.0	0.0	1.0	5808.0	1.0	False	False	False
LHR_hdeD	0.0	0.0	0.0	0.0	0.0	0.0	0.0	1.0	5808.0	1.0	False	False	False
LHR_kefB	0.0	0.0	0.0	0.0	0.0	0.0	0.0	1.0	5808.0	1.0	False	False	False
msr(C)	0.0	0.0	0.0	0.0	0.0	0.0	0.0	1.0	5808.0	1.0	False	False	False
murG	0.0	0.0	0.0	0.0	0.0	0.0	0.0	1.0	5808.0	1.0	False	False	False
pbp5	0.0	0.0	0.0	0.0	0.0	0.0	0.0	1.0	5808.0	1.0	False	False	False
mreE	0.0	0.0	0.0	0.0	0.0	0.0	0.0	1.0	5808.0	1.0	False	False	False
