species	BodySite	n_samples	mean_n_mutations	mean_mutation_freq	total_samples	prevalence_pct
Acinetobacter_baumannii	Axilla	2	1.0	1.0	106	1.8867924528301887
Acinetobacter_baumannii	Groin	4	1.0	0.9642857142857143	88	4.545454545454546
Acinetobacter_baumannii	Stool	4	1.2857142857142858	0.5813428571428572	105	3.8095238095238098
Actinomyces_naeslundii	Axilla	1	1.0	0.0161	106	0.9433962264150944
Actinomyces_naeslundii	Groin	1	1.0	0.0062	88	1.1363636363636365
Actinomyces_naeslundii	Stool	1	1.0	0.6667	105	0.9523809523809524
Actinomyces_oris	Axilla	2	1.0	0.08143333333333333	106	1.8867924528301887
Actinomyces_oris	Groin	1	1.0	0.0303	88	1.1363636363636365
Actinomyces_oris	Stool	1	1.0	0.05	105	0.9523809523809524
Aggregatibacter_actinomycetemcomitans	Stool	5	1.1111111111111112	0.8361611111111111	105	4.761904761904762
Akkermansia_muciniphila	Axilla	1	1.0	0.125	106	0.9433962264150944
Bacteroides_caccae	Groin	1	1.0	0.0278	88	1.1363636363636365
Bacteroides_cellulosilyticus	Groin	2	1.0	0.00835	88	2.272727272727273
Bacteroides_cellulosilyticus	Stool	4	1.0	0.0467	105	3.8095238095238098
Bacteroides_fragilis	Groin	1	1.0	0.0308	88	1.1363636363636365
Bacteroides_fragilis	Stool	6	1.0	0.6376000000000001	105	5.714285714285714
Bacteroides_ovatus	Groin	1	2.0	0.02355	88	1.1363636363636365
Bacteroides_ovatus	Stool	4	1.0	0.286275	105	3.8095238095238098
Bacteroides_thetaiotaomicron	Groin	1	1.0	0.0476	88	1.1363636363636365
Bacteroides_thetaiotaomicron	Stool	1	1.0	1.0	105	0.9523809523809524
Bacteroides_uniformis	Groin	1	1.0	0.0083	88	1.1363636363636365
Bacteroides_uniformis	Stool	1	1.0	0.025	105	0.9523809523809524
Bifidobacterium_adolescentis	Axilla	1	2.0	0.37520000000000003	106	0.9433962264150944
Bifidobacterium_adolescentis	Groin	2	2.0	0.056516666666666666	88	2.272727272727273
Bifidobacterium_adolescentis	Stool	3	1.0	0.20892	105	2.857142857142857
Bifidobacterium_bifidum	Groin	2	1.0	0.0593	88	2.272727272727273
Bifidobacterium_breve	Groin	3	1.0	0.029599999999999998	88	3.4090909090909087
Bifidobacterium_breve	Stool	5	1.5714285714285714	0.0445	105	4.761904761904762
Bifidobacterium_longum	Axilla	2	1.0	0.10436666666666666	106	1.8867924528301887
Bifidobacterium_longum	Groin	4	1.0	0.08515714285714286	88	4.545454545454546
Bifidobacterium_longum	Stool	2	2.0	0.25688333333333335	105	1.9047619047619049
Blautia_obeum	Stool	1	1.0	1.0	105	0.9523809523809524
Burkholderia_cepacia	Axilla	5	1.0	0.20722000000000002	106	4.716981132075472
Burkholderia_cepacia	Groin	7	1.0	0.3957538461538462	88	7.954545454545454
Burkholderia_cepacia	Stool	25	1.0	0.3885166666666667	105	23.809523809523807
Citrobacter_freundii	Axilla	1	1.0	0.1111	106	0.9433962264150944
Citrobacter_freundii	Groin	13	1.3333333333333333	0.17799416666666668	88	14.772727272727273
Citrobacter_freundii	Stool	22	1.2	0.1712075	105	20.952380952380953
Clostridioides_difficile	Axilla	1	1.0	0.0054	106	0.9433962264150944
Clostridioides_difficile	Groin	5	1.0	0.4394125	88	5.681818181818182
Clostridioides_difficile	Stool	18	1.0	0.8424096774193548	105	17.142857142857142
Collinsella_aerofaciens	Axilla	1	1.0	0.7778	106	0.9433962264150944
Collinsella_aerofaciens	Groin	1	1.0	0.0455	88	1.1363636363636365
Coprococcus_eutactus	Stool	2	1.0	0.42860000000000004	105	1.9047619047619049
Dorea_longicatena	Stool	1	1.0	1.0	105	0.9523809523809524
Enterobacter_cloacae	Axilla	1	1.0	0.0244	106	0.9433962264150944
Enterobacter_cloacae	Groin	25	1.3414634146341464	0.03552317073170732	88	28.40909090909091
Enterobacter_cloacae	Stool	44	1.4415584415584415	0.02469978354978355	105	41.904761904761905
Enterobacter_hormaechei	Axilla	1	2.0	0.0801	106	0.9433962264150944
Enterobacter_hormaechei	Groin	5	1.0	0.0272	88	5.681818181818182
Enterobacter_hormaechei	Stool	3	1.3333333333333333	0.00805	105	2.857142857142857
Enterococcus_faecalis	Groin	8	1.0	0.05434615384615385	88	9.090909090909092
Enterococcus_faecalis	Stool	30	1.4230769230769231	0.1337599358974359	105	28.57142857142857
Enterococcus_faecium	Groin	3	1.0	0.15610000000000002	88	3.4090909090909087
Enterococcus_faecium	Stool	6	1.0	0.1167	105	5.714285714285714
Escherichia_coli	Axilla	13	1.5	0.25560075757575756	106	12.264150943396226
Escherichia_coli	Groin	54	2.5934065934065935	0.0559499284842142	88	61.36363636363637
Escherichia_coli	Stool	82	3.761904761904762	0.0757993199147791	105	78.0952380952381
Faecalibacterium_prausnitzii	Groin	1	1.0	0.0192	88	1.1363636363636365
Fusobacterium_nucleatum	Stool	1	1.0	0.0105	105	0.9523809523809524
Granulicatella_adiacens	Axilla	8	1.0	0.14708333333333334	106	7.547169811320755
Granulicatella_adiacens	Groin	8	1.0769230769230769	0.07303846153846154	88	9.090909090909092
Granulicatella_adiacens	Stool	3	1.0	0.024024999999999998	105	2.857142857142857
Haemophilus_influenzae	Axilla	7	1.0909090909090908	0.45605000000000007	106	6.60377358490566
Haemophilus_influenzae	Groin	5	1.0	0.10576666666666666	88	5.681818181818182
Haemophilus_influenzae	Stool	9	2.375	0.2054546875	105	8.571428571428571
Helicobacter_pylori	Stool	1	1.0	0.9898	105	0.9523809523809524
Klebsiella_aerogenes	Axilla	2	1.0	0.02235	106	1.8867924528301887
Klebsiella_aerogenes	Groin	29	1.3265306122448979	0.08093469387755102	88	32.95454545454545
Klebsiella_aerogenes	Stool	63	1.1636363636363636	0.06930378787878788	105	60.0
Klebsiella_oxytoca	Axilla	2	1.0	0.02235	106	1.8867924528301887
Klebsiella_oxytoca	Groin	29	1.3265306122448979	0.08093469387755102	88	32.95454545454545
Klebsiella_oxytoca	Stool	63	1.1818181818181819	0.06376924242424242	105	60.0
Klebsiella_pneumoniae	Axilla	5	1.0	0.12357499999999999	106	4.716981132075472
Klebsiella_pneumoniae	Groin	31	1.3076923076923077	0.07710384615384616	88	35.22727272727273
Klebsiella_pneumoniae	Stool	64	1.1785714285714286	0.06256800595238095	105	60.952380952380956
Lactiplantibacillus_plantarum	Stool	1	1.0	0.0588	105	0.9523809523809524
Lactobacillus_acidophilus	Groin	1	1.0	0.1053	88	1.1363636363636365
Lactobacillus_acidophilus	Stool	1	2.0	0.08055000000000001	105	0.9523809523809524
Legionella_pneumophila	Groin	2	1.0	0.6	88	2.272727272727273
Legionella_pneumophila	Stool	18	1.0	0.5761966666666667	105	17.142857142857142
Limosilactobacillus_reuteri	Groin	2	1.0	0.0501	88	2.272727272727273
Morganella_morganii	Groin	2	1.0	0.04583333333333334	88	2.272727272727273
Morganella_morganii	Stool	1	1.0	0.0185	105	0.9523809523809524
Mycobacterium_tuberculosis	Axilla	89	2.2013422818791946	0.6704964109939278	106	83.9622641509434
Mycobacterium_tuberculosis	Groin	56	1.9659090909090908	0.7390622402597402	88	63.63636363636363
Mycobacterium_tuberculosis	Stool	4	1.6666666666666667	0.6613666666666667	105	3.8095238095238098
Neisseria_gonorrhoeae	Axilla	1	1.0	0.0044	106	0.9433962264150944
Parabacteroides_distasonis	Groin	1	1.0	0.0006	88	1.1363636363636365
Parabacteroides_distasonis	Stool	3	1.0	0.04836666666666667	105	2.857142857142857
Phocaeicola_vulgatus	Groin	1	1.0	0.0006	88	1.1363636363636365
Phocaeicola_vulgatus	Stool	3	1.0	0.04836666666666667	105	2.857142857142857
Prevotella_melaninogenica	Groin	2	1.0	0.0391	88	2.272727272727273
Prevotella_melaninogenica	Stool	2	1.0	0.012050000000000002	105	1.9047619047619049
Proteus_mirabilis	Groin	3	1.2	0.04609	88	3.4090909090909087
Proteus_mirabilis	Stool	9	1.1176470588235294	0.09648823529411765	105	8.571428571428571
Providencia_stuartii	Groin	2	1.0	0.1163	88	2.272727272727273
Providencia_stuartii	Stool	2	1.0	0.503	105	1.9047619047619049
Pseudomonas_aeruginosa	Axilla	1	2.0	0.0463	106	0.9433962264150944
Pseudomonas_aeruginosa	Groin	5	1.6666666666666667	0.034992592592592596	88	5.681818181818182
Pseudomonas_aeruginosa	Stool	24	1.3571428571428572	0.03907857142857143	105	22.857142857142858
Roseburia_hominis	Stool	1	1.0	1.0	105	0.9523809523809524
Roseburia_intestinalis	Stool	1	1.0	1.0	105	0.9523809523809524
Rothia_mucilaginosa	Axilla	6	1.1666666666666667	0.928575	106	5.660377358490567
Rothia_mucilaginosa	Groin	2	1.5	0.66665	88	2.272727272727273
Rothia_mucilaginosa	Stool	2	1.0	1.0	105	1.9047619047619049
Ruminococcus_bromii	Axilla	6	1.0	0.7442818181818183	106	5.660377358490567
Ruminococcus_bromii	Groin	10	1.0	0.8715333333333333	88	11.363636363636363
Ruminococcus_bromii	Stool	1	1.0	0.0118	105	0.9523809523809524
Salmonella_enterica	Axilla	4	1.8571428571428572	0.09907142857142857	106	3.7735849056603774
Salmonella_enterica	Groin	38	2.4776119402985075	0.014571428571428572	88	43.18181818181818
Salmonella_enterica	Stool	65	3.0	0.024385526819923373	105	61.904761904761905
Serratia_marcescens	Axilla	1	1.0	0.1111	106	0.9433962264150944
Serratia_marcescens	Groin	5	1.0	0.2245125	88	5.681818181818182
Serratia_marcescens	Stool	9	1.0	0.22842500000000002	105	8.571428571428571
Shigella_flexneri	Axilla	2	1.0	0.5263	106	1.8867924528301887
Shigella_flexneri	Groin	20	1.4411764705882353	0.14501666666666665	88	22.727272727272727
Shigella_flexneri	Stool	37	1.537313432835821	0.14568706467661693	105	35.23809523809524
Shigella_sonnei	Axilla	1	1.0	1.0	106	0.9433962264150944
Shigella_sonnei	Groin	23	1.1538461538461537	0.14134700854700855	88	26.136363636363637
Shigella_sonnei	Stool	39	1.391304347826087	0.12044710144927537	105	37.142857142857146
Staphylococcus_aureus	Axilla	32	1.1020408163265305	0.16379591836734694	106	30.18867924528302
Staphylococcus_aureus	Groin	12	1.0476190476190477	0.16833809523809523	88	13.636363636363635
Staphylococcus_aureus	Stool	15	1.3461538461538463	0.012783333333333332	105	14.285714285714285
Staphylococcus_epidermidis	Axilla	34	1.5166666666666666	0.01782611111111111	106	32.075471698113205
Staphylococcus_epidermidis	Groin	21	1.4848484848484849	0.020582323232323233	88	23.863636363636363
Staphylococcus_epidermidis	Stool	20	1.6285714285714286	0.054143809523809525	105	19.047619047619047
Staphylococcus_saprophyticus	Axilla	8	1.1428571428571428	0.03497857142857143	106	7.547169811320755
Staphylococcus_saprophyticus	Groin	9	1.125	0.12245	88	10.227272727272728
Staphylococcus_saprophyticus	Stool	25	1.6363636363636365	0.05795106060606061	105	23.809523809523807
Stenotrophomonas_maltophilia	Groin	1	1.0	0.0909	88	1.1363636363636365
Streptococcus_agalactiae	Axilla	1	1.0	0.0667	106	0.9433962264150944
Streptococcus_agalactiae	Stool	2	1.0	0.0373	105	1.9047619047619049
Streptococcus_mitis	Groin	1	1.0	0.2857	88	1.1363636363636365
Streptococcus_mitis	Stool	2	1.0	0.011899999999999999	105	1.9047619047619049
Streptococcus_mutans	Groin	1	1.0	1.0	88	1.1363636363636365
Streptococcus_mutans	Stool	2	1.6666666666666667	0.03756666666666667	105	1.9047619047619049
Streptococcus_oralis	Groin	1	1.0	0.2857	88	1.1363636363636365
Streptococcus_oralis	Stool	1	1.0	0.0029	105	0.9523809523809524
Streptococcus_parasanguinis	Groin	2	1.5	0.08732499999999999	88	2.272727272727273
Streptococcus_parasanguinis	Stool	2	2.0	0.013816666666666666	105	1.9047619047619049
Streptococcus_pneumoniae	Axilla	1	1.0	0.0625	106	0.9433962264150944
Streptococcus_pneumoniae	Groin	1	1.0	0.25	88	1.1363636363636365
Streptococcus_pneumoniae	Stool	2	1.0	0.0096	105	1.9047619047619049
Streptococcus_pyogenes	Axilla	1	1.0	0.0625	106	0.9433962264150944
Streptococcus_pyogenes	Stool	5	1.5	0.017912499999999998	105	4.761904761904762
Streptococcus_sanguinis	Stool	1	1.0	0.025	105	0.9523809523809524
Veillonella_dispar	Axilla	4	1.0	0.317	106	3.7735849056603774
Veillonella_dispar	Groin	18	1.3	0.12991833333333333	88	20.454545454545457
Veillonella_dispar	Stool	42	1.625	0.23964189814814818	105	40.0
Veillonella_parvula	Axilla	5	1.0	0.3922	106	4.716981132075472
Veillonella_parvula	Groin	19	1.2903225806451613	0.12600645161290322	88	21.59090909090909
Veillonella_parvula	Stool	42	1.625	0.2397025462962963	105	40.0
Yersinia_pestis	Groin	2	1.6666666666666667	0.010966666666666666	88	2.272727272727273
Yersinia_pestis	Stool	5	1.0	0.045675	105	4.761904761904762
