sample_id,r1,r2
N01_1_2,/bulkpool/sequence_data/mss_data/N01_1_2_R1.fastq.gz,/bulkpool/sequence_data/mss_data/N01_1_2_R2.fastq.gz
N01_1_3,/bulkpool/sequence_data/mss_data/N01_1_3_R1.fastq.gz,/bulkpool/sequence_data/mss_data/N01_1_3_R2.fastq.gz
N01_1_4,/bulkpool/sequence_data/mss_data/N01_1_4_R1.fastq.gz,/bulkpool/sequence_data/mss_data/N01_1_4_R2.fastq.gz
N01_2_2,/bulkpool/sequence_data/mss_data/N01_2_2_R1.fastq.gz,/bulkpool/sequence_data/mss_data/N01_2_2_R2.fastq.gz
N01_2_3,/bulkpool/sequence_data/mss_data/N01_2_3_R1.fastq.gz,/bulkpool/sequence_data/mss_data/N01_2_3_R2.fastq.gz
N01_2_4,/bulkpool/sequence_data/mss_data/N01_2_4_R1.fastq.gz,/bulkpool/sequence_data/mss_data/N01_2_4_R2.fastq.gz
N02_1_2,/bulkpool/sequence_data/mss_data/N02_1_2_R1.fastq.gz,/bulkpool/sequence_data/mss_data/N02_1_2_R2.fastq.gz
N02_1_3,/bulkpool/sequence_data/mss_data/N02_1_3_R1.fastq.gz,/bulkpool/sequence_data/mss_data/N02_1_3_R2.fastq.gz
N02_1_4,/bulkpool/sequence_data/mss_data/N02_1_4_R1.fastq.gz,/bulkpool/sequence_data/mss_data/N02_1_4_R2.fastq.gz
N02_2_2,/bulkpool/sequence_data/mss_data/N02_2_2_R1.fastq.gz,/bulkpool/sequence_data/mss_data/N02_2_2_R2.fastq.gz
N02_2_3,/bulkpool/sequence_data/mss_data/N02_2_3_R1.fastq.gz,/bulkpool/sequence_data/mss_data/N02_2_3_R2.fastq.gz
N02_2_4,/bulkpool/sequence_data/mss_data/N02_2_4_R1.fastq.gz,/bulkpool/sequence_data/mss_data/N02_2_4_R2.fastq.gz
N03_1_4,/bulkpool/sequence_data/mss_data/N03_1_4_R1.fastq.gz,/bulkpool/sequence_data/mss_data/N03_1_4_R2.fastq.gz
N03_2_2,/bulkpool/sequence_data/mss_data/N03_2_2_R1.fastq.gz,/bulkpool/sequence_data/mss_data/N03_2_2_R2.fastq.gz
N03_2_3,/bulkpool/sequence_data/mss_data/N03_2_3_R1.fastq.gz,/bulkpool/sequence_data/mss_data/N03_2_3_R2.fastq.gz
N03_2_4,/bulkpool/sequence_data/mss_data/N03_2_4_R1.fastq.gz,/bulkpool/sequence_data/mss_data/N03_2_4_R2.fastq.gz
N04_1_2,/bulkpool/sequence_data/mss_data/N04_1_2_R1.fastq.gz,/bulkpool/sequence_data/mss_data/N04_1_2_R2.fastq.gz
N04_1_3,/bulkpool/sequence_data/mss_data/N04_1_3_R1.fastq.gz,/bulkpool/sequence_data/mss_data/N04_1_3_R2.fastq.gz
N04_1_4,/bulkpool/sequence_data/mss_data/N04_1_4_R1.fastq.gz,/bulkpool/sequence_data/mss_data/N04_1_4_R2.fastq.gz
N04_2_2,/bulkpool/sequence_data/mss_data/N04_2_2_R1.fastq.gz,/bulkpool/sequence_data/mss_data/N04_2_2_R2.fastq.gz
N04_2_3,/bulkpool/sequence_data/mss_data/N04_2_3_R1.fastq.gz,/bulkpool/sequence_data/mss_data/N04_2_3_R2.fastq.gz
N04_2_4,/bulkpool/sequence_data/mss_data/N04_2_4_R1.fastq.gz,/bulkpool/sequence_data/mss_data/N04_2_4_R2.fastq.gz
N05_1_2,/bulkpool/sequence_data/mss_data/N05_1_2_R1.fastq.gz,/bulkpool/sequence_data/mss_data/N05_1_2_R2.fastq.gz
N05_1_3,/bulkpool/sequence_data/mss_data/N05_1_3_R1.fastq.gz,/bulkpool/sequence_data/mss_data/N05_1_3_R2.fastq.gz
N05_1_4,/bulkpool/sequence_data/mss_data/N05_1_4_R1.fastq.gz,/bulkpool/sequence_data/mss_data/N05_1_4_R2.fastq.gz
N05_2_2,/bulkpool/sequence_data/mss_data/N05_2_2_R1.fastq.gz,/bulkpool/sequence_data/mss_data/N05_2_2_R2.fastq.gz
N05_2_3,/bulkpool/sequence_data/mss_data/N05_2_3_R1.fastq.gz,/bulkpool/sequence_data/mss_data/N05_2_3_R2.fastq.gz
N05_2_4,/bulkpool/sequence_data/mss_data/N05_2_4_R1.fastq.gz,/bulkpool/sequence_data/mss_data/N05_2_4_R2.fastq.gz
N06_1_2,/bulkpool/sequence_data/mss_data/N06_1_2_R1.fastq.gz,/bulkpool/sequence_data/mss_data/N06_1_2_R2.fastq.gz
N06_1_3,/bulkpool/sequence_data/mss_data/N06_1_3_R1.fastq.gz,/bulkpool/sequence_data/mss_data/N06_1_3_R2.fastq.gz
N06_1_4,/bulkpool/sequence_data/mss_data/N06_1_4_R1.fastq.gz,/bulkpool/sequence_data/mss_data/N06_1_4_R2.fastq.gz
N07_1_2,/bulkpool/sequence_data/mss_data/N07_1_2_R1.fastq.gz,/bulkpool/sequence_data/mss_data/N07_1_2_R2.fastq.gz
N07_1_3,/bulkpool/sequence_data/mss_data/N07_1_3_R1.fastq.gz,/bulkpool/sequence_data/mss_data/N07_1_3_R2.fastq.gz
N07_1_4,/bulkpool/sequence_data/mss_data/N07_1_4_R1.fastq.gz,/bulkpool/sequence_data/mss_data/N07_1_4_R2.fastq.gz
N07_2_2,/bulkpool/sequence_data/mss_data/N07_2_2_R1.fastq.gz,/bulkpool/sequence_data/mss_data/N07_2_2_R2.fastq.gz
N07_2_3,/bulkpool/sequence_data/mss_data/N07_2_3_R1.fastq.gz,/bulkpool/sequence_data/mss_data/N07_2_3_R2.fastq.gz
N07_2_4,/bulkpool/sequence_data/mss_data/N07_2_4_R1.fastq.gz,/bulkpool/sequence_data/mss_data/N07_2_4_R2.fastq.gz
N08_1_2,/bulkpool/sequence_data/mss_data/N08_1_2_R1.fastq.gz,/bulkpool/sequence_data/mss_data/N08_1_2_R2.fastq.gz
N08_1_3,/bulkpool/sequence_data/mss_data/N08_1_3_R1.fastq.gz,/bulkpool/sequence_data/mss_data/N08_1_3_R2.fastq.gz
N08_1_4,/bulkpool/sequence_data/mss_data/N08_1_4_R1.fastq.gz,/bulkpool/sequence_data/mss_data/N08_1_4_R2.fastq.gz
N08_2_2,/bulkpool/sequence_data/mss_data/N08_2_2_R1.fastq.gz,/bulkpool/sequence_data/mss_data/N08_2_2_R2.fastq.gz
N08_2_3,/bulkpool/sequence_data/mss_data/N08_2_3_R1.fastq.gz,/bulkpool/sequence_data/mss_data/N08_2_3_R2.fastq.gz
N08_2_4,/bulkpool/sequence_data/mss_data/N08_2_4_R1.fastq.gz,/bulkpool/sequence_data/mss_data/N08_2_4_R2.fastq.gz
N09_1_2,/bulkpool/sequence_data/mss_data/N09_1_2_R1.fastq.gz,/bulkpool/sequence_data/mss_data/N09_1_2_R2.fastq.gz
N09_1_3,/bulkpool/sequence_data/mss_data/N09_1_3_R1.fastq.gz,/bulkpool/sequence_data/mss_data/N09_1_3_R2.fastq.gz
N09_1_4,/bulkpool/sequence_data/mss_data/N09_1_4_R1.fastq.gz,/bulkpool/sequence_data/mss_data/N09_1_4_R2.fastq.gz
N09_2_2,/bulkpool/sequence_data/mss_data/N09_2_2_R1.fastq.gz,/bulkpool/sequence_data/mss_data/N09_2_2_R2.fastq.gz
N09_2_3,/bulkpool/sequence_data/mss_data/N09_2_3_R1.fastq.gz,/bulkpool/sequence_data/mss_data/N09_2_3_R2.fastq.gz
N09_2_4,/bulkpool/sequence_data/mss_data/N09_2_4_R1.fastq.gz,/bulkpool/sequence_data/mss_data/N09_2_4_R2.fastq.gz
N10_1_2,/bulkpool/sequence_data/mss_data/N10_1_2_R1.fastq.gz,/bulkpool/sequence_data/mss_data/N10_1_2_R2.fastq.gz
N10_1_3,/bulkpool/sequence_data/mss_data/N10_1_3_R1.fastq.gz,/bulkpool/sequence_data/mss_data/N10_1_3_R2.fastq.gz
N10_1_4,/bulkpool/sequence_data/mss_data/N10_1_4_R1.fastq.gz,/bulkpool/sequence_data/mss_data/N10_1_4_R2.fastq.gz
N10_2_2,/bulkpool/sequence_data/mss_data/N10_2_2_R1.fastq.gz,/bulkpool/sequence_data/mss_data/N10_2_2_R2.fastq.gz
N10_2_3,/bulkpool/sequence_data/mss_data/N10_2_3_R1.fastq.gz,/bulkpool/sequence_data/mss_data/N10_2_3_R2.fastq.gz
N10_2_4,/bulkpool/sequence_data/mss_data/N10_2_4_R1.fastq.gz,/bulkpool/sequence_data/mss_data/N10_2_4_R2.fastq.gz
N11_1_2,/bulkpool/sequence_data/mss_data/N11_1_2_R1.fastq.gz,/bulkpool/sequence_data/mss_data/N11_1_2_R2.fastq.gz
N11_1_3,/bulkpool/sequence_data/mss_data/N11_1_3_R1.fastq.gz,/bulkpool/sequence_data/mss_data/N11_1_3_R2.fastq.gz
N11_1_4,/bulkpool/sequence_data/mss_data/N11_1_4_R1.fastq.gz,/bulkpool/sequence_data/mss_data/N11_1_4_R2.fastq.gz
N11_2_2,/bulkpool/sequence_data/mss_data/N11_2_2_R1.fastq.gz,/bulkpool/sequence_data/mss_data/N11_2_2_R2.fastq.gz
N11_2_3,/bulkpool/sequence_data/mss_data/N11_2_3_R1.fastq.gz,/bulkpool/sequence_data/mss_data/N11_2_3_R2.fastq.gz
N11_2_4,/bulkpool/sequence_data/mss_data/N11_2_4_R1.fastq.gz,/bulkpool/sequence_data/mss_data/N11_2_4_R2.fastq.gz
N12_1_2,/bulkpool/sequence_data/mss_data/N12_1_2_R1.fastq.gz,/bulkpool/sequence_data/mss_data/N12_1_2_R2.fastq.gz
N12_1_3,/bulkpool/sequence_data/mss_data/N12_1_3_R1.fastq.gz,/bulkpool/sequence_data/mss_data/N12_1_3_R2.fastq.gz
N12_1_4,/bulkpool/sequence_data/mss_data/N12_1_4_R1.fastq.gz,/bulkpool/sequence_data/mss_data/N12_1_4_R2.fastq.gz
N13_1_2,/bulkpool/sequence_data/mss_data/N13_1_2_R1.fastq.gz,/bulkpool/sequence_data/mss_data/N13_1_2_R2.fastq.gz
N13_1_3,/bulkpool/sequence_data/mss_data/N13_1_3_R1.fastq.gz,/bulkpool/sequence_data/mss_data/N13_1_3_R2.fastq.gz
N13_1_4,/bulkpool/sequence_data/mss_data/N13_1_4_R1.fastq.gz,/bulkpool/sequence_data/mss_data/N13_1_4_R2.fastq.gz
N13_2_2,/bulkpool/sequence_data/mss_data/N13_2_2_R1.fastq.gz,/bulkpool/sequence_data/mss_data/N13_2_2_R2.fastq.gz
N13_2_3,/bulkpool/sequence_data/mss_data/N13_2_3_R1.fastq.gz,/bulkpool/sequence_data/mss_data/N13_2_3_R2.fastq.gz
N13_2_4,/bulkpool/sequence_data/mss_data/N13_2_4_R1.fastq.gz,/bulkpool/sequence_data/mss_data/N13_2_4_R2.fastq.gz
N14_1_2,/bulkpool/sequence_data/mss_data/N14_1_2_R1.fastq.gz,/bulkpool/sequence_data/mss_data/N14_1_2_R2.fastq.gz
N14_1_3,/bulkpool/sequence_data/mss_data/N14_1_3_R1.fastq.gz,/bulkpool/sequence_data/mss_data/N14_1_3_R2.fastq.gz
N14_1_4,/bulkpool/sequence_data/mss_data/N14_1_4_R1.fastq.gz,/bulkpool/sequence_data/mss_data/N14_1_4_R2.fastq.gz
N14_2_2,/bulkpool/sequence_data/mss_data/N14_2_2_R1.fastq.gz,/bulkpool/sequence_data/mss_data/N14_2_2_R2.fastq.gz
N14_2_3,/bulkpool/sequence_data/mss_data/N14_2_3_R1.fastq.gz,/bulkpool/sequence_data/mss_data/N14_2_3_R2.fastq.gz
N14_2_4,/bulkpool/sequence_data/mss_data/N14_2_4_R1.fastq.gz,/bulkpool/sequence_data/mss_data/N14_2_4_R2.fastq.gz
N15_1_2,/bulkpool/sequence_data/mss_data/N15_1_2_R1.fastq.gz,/bulkpool/sequence_data/mss_data/N15_1_2_R2.fastq.gz
N15_1_3,/bulkpool/sequence_data/mss_data/N15_1_3_R1.fastq.gz,/bulkpool/sequence_data/mss_data/N15_1_3_R2.fastq.gz
N15_1_4,/bulkpool/sequence_data/mss_data/N15_1_4_R1.fastq.gz,/bulkpool/sequence_data/mss_data/N15_1_4_R2.fastq.gz
N15_2_2,/bulkpool/sequence_data/mss_data/N15_2_2_R1.fastq.gz,/bulkpool/sequence_data/mss_data/N15_2_2_R2.fastq.gz
N15_2_3,/bulkpool/sequence_data/mss_data/N15_2_3_R1.fastq.gz,/bulkpool/sequence_data/mss_data/N15_2_3_R2.fastq.gz
N15_2_4,/bulkpool/sequence_data/mss_data/N15_2_4_R1.fastq.gz,/bulkpool/sequence_data/mss_data/N15_2_4_R2.fastq.gz
N16_1_2,/bulkpool/sequence_data/mss_data/N16_1_2_R1.fastq.gz,/bulkpool/sequence_data/mss_data/N16_1_2_R2.fastq.gz
N16_1_3,/bulkpool/sequence_data/mss_data/N16_1_3_R1.fastq.gz,/bulkpool/sequence_data/mss_data/N16_1_3_R2.fastq.gz
N16_1_4,/bulkpool/sequence_data/mss_data/N16_1_4_R1.fastq.gz,/bulkpool/sequence_data/mss_data/N16_1_4_R2.fastq.gz
N16_2_2,/bulkpool/sequence_data/mss_data/N16_2_2_R1.fastq.gz,/bulkpool/sequence_data/mss_data/N16_2_2_R2.fastq.gz
N16_2_3,/bulkpool/sequence_data/mss_data/N16_2_3_R1.fastq.gz,/bulkpool/sequence_data/mss_data/N16_2_3_R2.fastq.gz
N16_2_4,/bulkpool/sequence_data/mss_data/N16_2_4_R1.fastq.gz,/bulkpool/sequence_data/mss_data/N16_2_4_R2.fastq.gz
N17_1_2,/bulkpool/sequence_data/mss_data/N17_1_2_R1.fastq.gz,/bulkpool/sequence_data/mss_data/N17_1_2_R2.fastq.gz
N17_1_3,/bulkpool/sequence_data/mss_data/N17_1_3_R1.fastq.gz,/bulkpool/sequence_data/mss_data/N17_1_3_R2.fastq.gz
N17_1_4,/bulkpool/sequence_data/mss_data/N17_1_4_R1.fastq.gz,/bulkpool/sequence_data/mss_data/N17_1_4_R2.fastq.gz
N17_2_2,/bulkpool/sequence_data/mss_data/N17_2_2_R1.fastq.gz,/bulkpool/sequence_data/mss_data/N17_2_2_R2.fastq.gz
N17_2_3,/bulkpool/sequence_data/mss_data/N17_2_3_R1.fastq.gz,/bulkpool/sequence_data/mss_data/N17_2_3_R2.fastq.gz
N17_2_4,/bulkpool/sequence_data/mss_data/N17_2_4_R1.fastq.gz,/bulkpool/sequence_data/mss_data/N17_2_4_R2.fastq.gz
N18_1_2,/bulkpool/sequence_data/mss_data/N18_1_2_R1.fastq.gz,/bulkpool/sequence_data/mss_data/N18_1_2_R2.fastq.gz
N18_1_3,/bulkpool/sequence_data/mss_data/N18_1_3_R1.fastq.gz,/bulkpool/sequence_data/mss_data/N18_1_3_R2.fastq.gz
N18_1_4,/bulkpool/sequence_data/mss_data/N18_1_4_R1.fastq.gz,/bulkpool/sequence_data/mss_data/N18_1_4_R2.fastq.gz
N18_2_2,/bulkpool/sequence_data/mss_data/N18_2_2_R1.fastq.gz,/bulkpool/sequence_data/mss_data/N18_2_2_R2.fastq.gz
N18_2_3,/bulkpool/sequence_data/mss_data/N18_2_3_R1.fastq.gz,/bulkpool/sequence_data/mss_data/N18_2_3_R2.fastq.gz
N18_2_4,/bulkpool/sequence_data/mss_data/N18_2_4_R1.fastq.gz,/bulkpool/sequence_data/mss_data/N18_2_4_R2.fastq.gz
N19_1_2,/bulkpool/sequence_data/mss_data/N19_1_2_R1.fastq.gz,/bulkpool/sequence_data/mss_data/N19_1_2_R2.fastq.gz
N19_1_3,/bulkpool/sequence_data/mss_data/N19_1_3_R1.fastq.gz,/bulkpool/sequence_data/mss_data/N19_1_3_R2.fastq.gz
N19_1_4,/bulkpool/sequence_data/mss_data/N19_1_4_R1.fastq.gz,/bulkpool/sequence_data/mss_data/N19_1_4_R2.fastq.gz
N19_2_2,/bulkpool/sequence_data/mss_data/N19_2_2_R1.fastq.gz,/bulkpool/sequence_data/mss_data/N19_2_2_R2.fastq.gz
N19_2_3,/bulkpool/sequence_data/mss_data/N19_2_3_R1.fastq.gz,/bulkpool/sequence_data/mss_data/N19_2_3_R2.fastq.gz
N19_2_4,/bulkpool/sequence_data/mss_data/N19_2_4_R1.fastq.gz,/bulkpool/sequence_data/mss_data/N19_2_4_R2.fastq.gz
N20_1_2,/bulkpool/sequence_data/mss_data/N20_1_2_R1.fastq.gz,/bulkpool/sequence_data/mss_data/N20_1_2_R2.fastq.gz
N20_1_3,/bulkpool/sequence_data/mss_data/N20_1_3_R1.fastq.gz,/bulkpool/sequence_data/mss_data/N20_1_3_R2.fastq.gz
N20_1_4,/bulkpool/sequence_data/mss_data/N20_1_4_R1.fastq.gz,/bulkpool/sequence_data/mss_data/N20_1_4_R2.fastq.gz
N20_2_2,/bulkpool/sequence_data/mss_data/N20_2_2_R1.fastq.gz,/bulkpool/sequence_data/mss_data/N20_2_2_R2.fastq.gz
N20_2_3,/bulkpool/sequence_data/mss_data/N20_2_3_R1.fastq.gz,/bulkpool/sequence_data/mss_data/N20_2_3_R2.fastq.gz
N20_2_4,/bulkpool/sequence_data/mss_data/N20_2_4_R1.fastq.gz,/bulkpool/sequence_data/mss_data/N20_2_4_R2.fastq.gz
N21_1_2,/bulkpool/sequence_data/mss_data/N21_1_2_R1.fastq.gz,/bulkpool/sequence_data/mss_data/N21_1_2_R2.fastq.gz
N21_1_3,/bulkpool/sequence_data/mss_data/N21_1_3_R1.fastq.gz,/bulkpool/sequence_data/mss_data/N21_1_3_R2.fastq.gz
N21_1_4,/bulkpool/sequence_data/mss_data/N21_1_4_R1.fastq.gz,/bulkpool/sequence_data/mss_data/N21_1_4_R2.fastq.gz
N21_2_2,/bulkpool/sequence_data/mss_data/N21_2_2_R1.fastq.gz,/bulkpool/sequence_data/mss_data/N21_2_2_R2.fastq.gz
N21_2_3,/bulkpool/sequence_data/mss_data/N21_2_3_R1.fastq.gz,/bulkpool/sequence_data/mss_data/N21_2_3_R2.fastq.gz
N21_2_4,/bulkpool/sequence_data/mss_data/N21_2_4_R1.fastq.gz,/bulkpool/sequence_data/mss_data/N21_2_4_R2.fastq.gz
N22_1_2,/bulkpool/sequence_data/mss_data/N22_1_2_R1.fastq.gz,/bulkpool/sequence_data/mss_data/N22_1_2_R2.fastq.gz
N22_1_3,/bulkpool/sequence_data/mss_data/N22_1_3_R1.fastq.gz,/bulkpool/sequence_data/mss_data/N22_1_3_R2.fastq.gz
N22_1_4,/bulkpool/sequence_data/mss_data/N22_1_4_R1.fastq.gz,/bulkpool/sequence_data/mss_data/N22_1_4_R2.fastq.gz
N22_2_2,/bulkpool/sequence_data/mss_data/N22_2_2_R1.fastq.gz,/bulkpool/sequence_data/mss_data/N22_2_2_R2.fastq.gz
N22_2_3,/bulkpool/sequence_data/mss_data/N22_2_3_R1.fastq.gz,/bulkpool/sequence_data/mss_data/N22_2_3_R2.fastq.gz
N22_2_4,/bulkpool/sequence_data/mss_data/N22_2_4_R1.fastq.gz,/bulkpool/sequence_data/mss_data/N22_2_4_R2.fastq.gz
N23_1_4,/bulkpool/sequence_data/mss_data/N23_1_4_R1.fastq.gz,/bulkpool/sequence_data/mss_data/N23_1_4_R2.fastq.gz
N23_2_2,/bulkpool/sequence_data/mss_data/N23_2_2_R1.fastq.gz,/bulkpool/sequence_data/mss_data/N23_2_2_R2.fastq.gz
N23_2_3,/bulkpool/sequence_data/mss_data/N23_2_3_R1.fastq.gz,/bulkpool/sequence_data/mss_data/N23_2_3_R2.fastq.gz
N23_2_4,/bulkpool/sequence_data/mss_data/N23_2_4_R1.fastq.gz,/bulkpool/sequence_data/mss_data/N23_2_4_R2.fastq.gz
N24_1_2,/bulkpool/sequence_data/mss_data/N24_1_2_R1.fastq.gz,/bulkpool/sequence_data/mss_data/N24_1_2_R2.fastq.gz
N24_1_3,/bulkpool/sequence_data/mss_data/N24_1_3_R1.fastq.gz,/bulkpool/sequence_data/mss_data/N24_1_3_R2.fastq.gz
N24_1_4,/bulkpool/sequence_data/mss_data/N24_1_4_R1.fastq.gz,/bulkpool/sequence_data/mss_data/N24_1_4_R2.fastq.gz
N24_2_3,/bulkpool/sequence_data/mss_data/N24_2_3_R1.fastq.gz,/bulkpool/sequence_data/mss_data/N24_2_3_R2.fastq.gz
N24_2_4,/bulkpool/sequence_data/mss_data/N24_2_4_R1.fastq.gz,/bulkpool/sequence_data/mss_data/N24_2_4_R2.fastq.gz
N25_1_2,/bulkpool/sequence_data/mss_data/N25_1_2_R1.fastq.gz,/bulkpool/sequence_data/mss_data/N25_1_2_R2.fastq.gz
N25_1_3,/bulkpool/sequence_data/mss_data/N25_1_3_R1.fastq.gz,/bulkpool/sequence_data/mss_data/N25_1_3_R2.fastq.gz
N25_1_4,/bulkpool/sequence_data/mss_data/N25_1_4_R1.fastq.gz,/bulkpool/sequence_data/mss_data/N25_1_4_R2.fastq.gz
N25_2_2,/bulkpool/sequence_data/mss_data/N25_2_2_R1.fastq.gz,/bulkpool/sequence_data/mss_data/N25_2_2_R2.fastq.gz
N25_2_3,/bulkpool/sequence_data/mss_data/N25_2_3_R1.fastq.gz,/bulkpool/sequence_data/mss_data/N25_2_3_R2.fastq.gz
N25_2_4,/bulkpool/sequence_data/mss_data/N25_2_4_R1.fastq.gz,/bulkpool/sequence_data/mss_data/N25_2_4_R2.fastq.gz
N26_1_4,/bulkpool/sequence_data/mss_data/N26_1_4_R1.fastq.gz,/bulkpool/sequence_data/mss_data/N26_1_4_R2.fastq.gz
N27_1_2,/bulkpool/sequence_data/mss_data/N27_1_2_R1.fastq.gz,/bulkpool/sequence_data/mss_data/N27_1_2_R2.fastq.gz
N27_1_3,/bulkpool/sequence_data/mss_data/N27_1_3_R1.fastq.gz,/bulkpool/sequence_data/mss_data/N27_1_3_R2.fastq.gz
N27_1_4,/bulkpool/sequence_data/mss_data/N27_1_4_R1.fastq.gz,/bulkpool/sequence_data/mss_data/N27_1_4_R2.fastq.gz
N27_2_3,/bulkpool/sequence_data/mss_data/N27_2_3_R1.fastq.gz,/bulkpool/sequence_data/mss_data/N27_2_3_R2.fastq.gz
N27_2_4,/bulkpool/sequence_data/mss_data/N27_2_4_R1.fastq.gz,/bulkpool/sequence_data/mss_data/N27_2_4_R2.fastq.gz
N28_1_2,/bulkpool/sequence_data/mss_data/N28_1_2_R1.fastq.gz,/bulkpool/sequence_data/mss_data/N28_1_2_R2.fastq.gz
N28_1_3,/bulkpool/sequence_data/mss_data/N28_1_3_R1.fastq.gz,/bulkpool/sequence_data/mss_data/N28_1_3_R2.fastq.gz
N28_1_4,/bulkpool/sequence_data/mss_data/N28_1_4_R1.fastq.gz,/bulkpool/sequence_data/mss_data/N28_1_4_R2.fastq.gz
N28_2_3,/bulkpool/sequence_data/mss_data/N28_2_3_R1.fastq.gz,/bulkpool/sequence_data/mss_data/N28_2_3_R2.fastq.gz
N28_2_4,/bulkpool/sequence_data/mss_data/N28_2_4_R1.fastq.gz,/bulkpool/sequence_data/mss_data/N28_2_4_R2.fastq.gz
N29_1_2,/bulkpool/sequence_data/mss_data/N29_1_2_R1.fastq.gz,/bulkpool/sequence_data/mss_data/N29_1_2_R2.fastq.gz
N29_1_3,/bulkpool/sequence_data/mss_data/N29_1_3_R1.fastq.gz,/bulkpool/sequence_data/mss_data/N29_1_3_R2.fastq.gz
N29_1_4,/bulkpool/sequence_data/mss_data/N29_1_4_R1.fastq.gz,/bulkpool/sequence_data/mss_data/N29_1_4_R2.fastq.gz
N29_2_2,/bulkpool/sequence_data/mss_data/N29_2_2_R1.fastq.gz,/bulkpool/sequence_data/mss_data/N29_2_2_R2.fastq.gz
N29_2_3,/bulkpool/sequence_data/mss_data/N29_2_3_R1.fastq.gz,/bulkpool/sequence_data/mss_data/N29_2_3_R2.fastq.gz
N29_2_4,/bulkpool/sequence_data/mss_data/N29_2_4_R1.fastq.gz,/bulkpool/sequence_data/mss_data/N29_2_4_R2.fastq.gz
N30_1_2,/bulkpool/sequence_data/mss_data/N30_1_2_R1.fastq.gz,/bulkpool/sequence_data/mss_data/N30_1_2_R2.fastq.gz
N30_1_3,/bulkpool/sequence_data/mss_data/N30_1_3_R1.fastq.gz,/bulkpool/sequence_data/mss_data/N30_1_3_R2.fastq.gz
N30_1_4,/bulkpool/sequence_data/mss_data/N30_1_4_R1.fastq.gz,/bulkpool/sequence_data/mss_data/N30_1_4_R2.fastq.gz
N30_2_2,/bulkpool/sequence_data/mss_data/N30_2_2_R1.fastq.gz,/bulkpool/sequence_data/mss_data/N30_2_2_R2.fastq.gz
N30_2_4,/bulkpool/sequence_data/mss_data/N30_2_4_R1.fastq.gz,/bulkpool/sequence_data/mss_data/N30_2_4_R2.fastq.gz
N31_1_2,/bulkpool/sequence_data/mss_data/N31_1_2_R1.fastq.gz,/bulkpool/sequence_data/mss_data/N31_1_2_R2.fastq.gz
N31_1_3,/bulkpool/sequence_data/mss_data/N31_1_3_R1.fastq.gz,/bulkpool/sequence_data/mss_data/N31_1_3_R2.fastq.gz
N31_1_4,/bulkpool/sequence_data/mss_data/N31_1_4_R1.fastq.gz,/bulkpool/sequence_data/mss_data/N31_1_4_R2.fastq.gz
N31_2_2,/bulkpool/sequence_data/mss_data/N31_2_2_R1.fastq.gz,/bulkpool/sequence_data/mss_data/N31_2_2_R2.fastq.gz
N31_2_4,/bulkpool/sequence_data/mss_data/N31_2_4_R1.fastq.gz,/bulkpool/sequence_data/mss_data/N31_2_4_R2.fastq.gz
N32_1_2,/bulkpool/sequence_data/mss_data/N32_1_2_R1.fastq.gz,/bulkpool/sequence_data/mss_data/N32_1_2_R2.fastq.gz
N32_1_3,/bulkpool/sequence_data/mss_data/N32_1_3_R1.fastq.gz,/bulkpool/sequence_data/mss_data/N32_1_3_R2.fastq.gz
N32_1_4,/bulkpool/sequence_data/mss_data/N32_1_4_R1.fastq.gz,/bulkpool/sequence_data/mss_data/N32_1_4_R2.fastq.gz
N32_2_3,/bulkpool/sequence_data/mss_data/N32_2_3_R1.fastq.gz,/bulkpool/sequence_data/mss_data/N32_2_3_R2.fastq.gz
N32_2_4,/bulkpool/sequence_data/mss_data/N32_2_4_R1.fastq.gz,/bulkpool/sequence_data/mss_data/N32_2_4_R2.fastq.gz
N33_1_3,/bulkpool/sequence_data/mss_data/N33_1_3_R1.fastq.gz,/bulkpool/sequence_data/mss_data/N33_1_3_R2.fastq.gz
N33_1_4,/bulkpool/sequence_data/mss_data/N33_1_4_R1.fastq.gz,/bulkpool/sequence_data/mss_data/N33_1_4_R2.fastq.gz
N33_2_3,/bulkpool/sequence_data/mss_data/N33_2_3_R1.fastq.gz,/bulkpool/sequence_data/mss_data/N33_2_3_R2.fastq.gz
N33_2_4,/bulkpool/sequence_data/mss_data/N33_2_4_R1.fastq.gz,/bulkpool/sequence_data/mss_data/N33_2_4_R2.fastq.gz
N34_1_2,/bulkpool/sequence_data/mss_data/N34_1_2_R1.fastq.gz,/bulkpool/sequence_data/mss_data/N34_1_2_R2.fastq.gz
N34_1_3,/bulkpool/sequence_data/mss_data/N34_1_3_R1.fastq.gz,/bulkpool/sequence_data/mss_data/N34_1_3_R2.fastq.gz
N34_1_4,/bulkpool/sequence_data/mss_data/N34_1_4_R1.fastq.gz,/bulkpool/sequence_data/mss_data/N34_1_4_R2.fastq.gz
N34_2_2,/bulkpool/sequence_data/mss_data/N34_2_2_R1.fastq.gz,/bulkpool/sequence_data/mss_data/N34_2_2_R2.fastq.gz
N34_2_3,/bulkpool/sequence_data/mss_data/N34_2_3_R1.fastq.gz,/bulkpool/sequence_data/mss_data/N34_2_3_R2.fastq.gz
N35_1_2,/bulkpool/sequence_data/mss_data/N35_1_2_R1.fastq.gz,/bulkpool/sequence_data/mss_data/N35_1_2_R2.fastq.gz
N35_1_3,/bulkpool/sequence_data/mss_data/N35_1_3_R1.fastq.gz,/bulkpool/sequence_data/mss_data/N35_1_3_R2.fastq.gz
N35_1_4,/bulkpool/sequence_data/mss_data/N35_1_4_R1.fastq.gz,/bulkpool/sequence_data/mss_data/N35_1_4_R2.fastq.gz
N35_2_2,/bulkpool/sequence_data/mss_data/N35_2_2_R1.fastq.gz,/bulkpool/sequence_data/mss_data/N35_2_2_R2.fastq.gz
N35_2_3,/bulkpool/sequence_data/mss_data/N35_2_3_R1.fastq.gz,/bulkpool/sequence_data/mss_data/N35_2_3_R2.fastq.gz
N36_1_2,/bulkpool/sequence_data/mss_data/N36_1_2_R1.fastq.gz,/bulkpool/sequence_data/mss_data/N36_1_2_R2.fastq.gz
N36_1_3,/bulkpool/sequence_data/mss_data/N36_1_3_R1.fastq.gz,/bulkpool/sequence_data/mss_data/N36_1_3_R2.fastq.gz
N36_1_4,/bulkpool/sequence_data/mss_data/N36_1_4_R1.fastq.gz,/bulkpool/sequence_data/mss_data/N36_1_4_R2.fastq.gz
N36_2_2,/bulkpool/sequence_data/mss_data/N36_2_2_R1.fastq.gz,/bulkpool/sequence_data/mss_data/N36_2_2_R2.fastq.gz
N36_2_3,/bulkpool/sequence_data/mss_data/N36_2_3_R1.fastq.gz,/bulkpool/sequence_data/mss_data/N36_2_3_R2.fastq.gz
N37_1_2,/bulkpool/sequence_data/mss_data/N37_1_2_R1.fastq.gz,/bulkpool/sequence_data/mss_data/N37_1_2_R2.fastq.gz
N37_1_3,/bulkpool/sequence_data/mss_data/N37_1_3_R1.fastq.gz,/bulkpool/sequence_data/mss_data/N37_1_3_R2.fastq.gz
N38_1_2,/bulkpool/sequence_data/mss_data/N38_1_2_R1.fastq.gz,/bulkpool/sequence_data/mss_data/N38_1_2_R2.fastq.gz
N38_1_3,/bulkpool/sequence_data/mss_data/N38_1_3_R1.fastq.gz,/bulkpool/sequence_data/mss_data/N38_1_3_R2.fastq.gz
N38_1_4,/bulkpool/sequence_data/mss_data/N38_1_4_R1.fastq.gz,/bulkpool/sequence_data/mss_data/N38_1_4_R2.fastq.gz
N38_2_2,/bulkpool/sequence_data/mss_data/N38_2_2_R1.fastq.gz,/bulkpool/sequence_data/mss_data/N38_2_2_R2.fastq.gz
N38_2_3,/bulkpool/sequence_data/mss_data/N38_2_3_R1.fastq.gz,/bulkpool/sequence_data/mss_data/N38_2_3_R2.fastq.gz
N38_2_4,/bulkpool/sequence_data/mss_data/N38_2_4_R1.fastq.gz,/bulkpool/sequence_data/mss_data/N38_2_4_R2.fastq.gz
N39_1_2,/bulkpool/sequence_data/mss_data/N39_1_2_R1.fastq.gz,/bulkpool/sequence_data/mss_data/N39_1_2_R2.fastq.gz
N39_1_3,/bulkpool/sequence_data/mss_data/N39_1_3_R1.fastq.gz,/bulkpool/sequence_data/mss_data/N39_1_3_R2.fastq.gz
N39_1_4,/bulkpool/sequence_data/mss_data/N39_1_4_R1.fastq.gz,/bulkpool/sequence_data/mss_data/N39_1_4_R2.fastq.gz
N39_2_2,/bulkpool/sequence_data/mss_data/N39_2_2_R1.fastq.gz,/bulkpool/sequence_data/mss_data/N39_2_2_R2.fastq.gz
N39_2_3,/bulkpool/sequence_data/mss_data/N39_2_3_R1.fastq.gz,/bulkpool/sequence_data/mss_data/N39_2_3_R2.fastq.gz
N39_2_4,/bulkpool/sequence_data/mss_data/N39_2_4_R1.fastq.gz,/bulkpool/sequence_data/mss_data/N39_2_4_R2.fastq.gz
N40_1_2,/bulkpool/sequence_data/mss_data/N40_1_2_R1.fastq.gz,/bulkpool/sequence_data/mss_data/N40_1_2_R2.fastq.gz
N40_1_3,/bulkpool/sequence_data/mss_data/N40_1_3_R1.fastq.gz,/bulkpool/sequence_data/mss_data/N40_1_3_R2.fastq.gz
N40_1_4,/bulkpool/sequence_data/mss_data/N40_1_4_R1.fastq.gz,/bulkpool/sequence_data/mss_data/N40_1_4_R2.fastq.gz
N40_2_2,/bulkpool/sequence_data/mss_data/N40_2_2_R1.fastq.gz,/bulkpool/sequence_data/mss_data/N40_2_2_R2.fastq.gz
N40_2_3,/bulkpool/sequence_data/mss_data/N40_2_3_R1.fastq.gz,/bulkpool/sequence_data/mss_data/N40_2_3_R2.fastq.gz
N41_1_2,/bulkpool/sequence_data/mss_data/N41_1_2_R1.fastq.gz,/bulkpool/sequence_data/mss_data/N41_1_2_R2.fastq.gz
N41_1_3,/bulkpool/sequence_data/mss_data/N41_1_3_R1.fastq.gz,/bulkpool/sequence_data/mss_data/N41_1_3_R2.fastq.gz
N41_1_4,/bulkpool/sequence_data/mss_data/N41_1_4_R1.fastq.gz,/bulkpool/sequence_data/mss_data/N41_1_4_R2.fastq.gz
N41_2_2,/bulkpool/sequence_data/mss_data/N41_2_2_R1.fastq.gz,/bulkpool/sequence_data/mss_data/N41_2_2_R2.fastq.gz
N41_2_3,/bulkpool/sequence_data/mss_data/N41_2_3_R1.fastq.gz,/bulkpool/sequence_data/mss_data/N41_2_3_R2.fastq.gz
N42_1_2,/bulkpool/sequence_data/mss_data/N42_1_2_R1.fastq.gz,/bulkpool/sequence_data/mss_data/N42_1_2_R2.fastq.gz
N42_1_4,/bulkpool/sequence_data/mss_data/N42_1_4_R1.fastq.gz,/bulkpool/sequence_data/mss_data/N42_1_4_R2.fastq.gz
N42_2_2,/bulkpool/sequence_data/mss_data/N42_2_2_R1.fastq.gz,/bulkpool/sequence_data/mss_data/N42_2_2_R2.fastq.gz
N42_2_3,/bulkpool/sequence_data/mss_data/N42_2_3_R1.fastq.gz,/bulkpool/sequence_data/mss_data/N42_2_3_R2.fastq.gz
N43_1_2,/bulkpool/sequence_data/mss_data/N43_1_2_R1.fastq.gz,/bulkpool/sequence_data/mss_data/N43_1_2_R2.fastq.gz
N43_1_3,/bulkpool/sequence_data/mss_data/N43_1_3_R1.fastq.gz,/bulkpool/sequence_data/mss_data/N43_1_3_R2.fastq.gz
N43_2_2,/bulkpool/sequence_data/mss_data/N43_2_2_R1.fastq.gz,/bulkpool/sequence_data/mss_data/N43_2_2_R2.fastq.gz
N43_2_3,/bulkpool/sequence_data/mss_data/N43_2_3_R1.fastq.gz,/bulkpool/sequence_data/mss_data/N43_2_3_R2.fastq.gz
N44_1_2,/bulkpool/sequence_data/mss_data/N44_1_2_R1.fastq.gz,/bulkpool/sequence_data/mss_data/N44_1_2_R2.fastq.gz
N44_1_3,/bulkpool/sequence_data/mss_data/N44_1_3_R1.fastq.gz,/bulkpool/sequence_data/mss_data/N44_1_3_R2.fastq.gz
N44_2_2,/bulkpool/sequence_data/mss_data/N44_2_2_R1.fastq.gz,/bulkpool/sequence_data/mss_data/N44_2_2_R2.fastq.gz
N44_2_3,/bulkpool/sequence_data/mss_data/N44_2_3_R1.fastq.gz,/bulkpool/sequence_data/mss_data/N44_2_3_R2.fastq.gz
N45_1_2,/bulkpool/sequence_data/mss_data/N45_1_2_R1.fastq.gz,/bulkpool/sequence_data/mss_data/N45_1_2_R2.fastq.gz
N45_1_3,/bulkpool/sequence_data/mss_data/N45_1_3_R1.fastq.gz,/bulkpool/sequence_data/mss_data/N45_1_3_R2.fastq.gz
N45_1_4,/bulkpool/sequence_data/mss_data/N45_1_4_R1.fastq.gz,/bulkpool/sequence_data/mss_data/N45_1_4_R2.fastq.gz
N45_2_2,/bulkpool/sequence_data/mss_data/N45_2_2_R1.fastq.gz,/bulkpool/sequence_data/mss_data/N45_2_2_R2.fastq.gz
N45_2_3,/bulkpool/sequence_data/mss_data/N45_2_3_R1.fastq.gz,/bulkpool/sequence_data/mss_data/N45_2_3_R2.fastq.gz
N46_1_2,/bulkpool/sequence_data/mss_data/N46_1_2_R1.fastq.gz,/bulkpool/sequence_data/mss_data/N46_1_2_R2.fastq.gz
N46_1_3,/bulkpool/sequence_data/mss_data/N46_1_3_R1.fastq.gz,/bulkpool/sequence_data/mss_data/N46_1_3_R2.fastq.gz
N46_2_2,/bulkpool/sequence_data/mss_data/N46_2_2_R1.fastq.gz,/bulkpool/sequence_data/mss_data/N46_2_2_R2.fastq.gz
N46_2_3,/bulkpool/sequence_data/mss_data/N46_2_3_R1.fastq.gz,/bulkpool/sequence_data/mss_data/N46_2_3_R2.fastq.gz
N46_2_4,/bulkpool/sequence_data/mss_data/N46_2_4_R1.fastq.gz,/bulkpool/sequence_data/mss_data/N46_2_4_R2.fastq.gz
N47_1_2,/bulkpool/sequence_data/mss_data/N47_1_2_R1.fastq.gz,/bulkpool/sequence_data/mss_data/N47_1_2_R2.fastq.gz
N47_1_3,/bulkpool/sequence_data/mss_data/N47_1_3_R1.fastq.gz,/bulkpool/sequence_data/mss_data/N47_1_3_R2.fastq.gz
N47_2_2,/bulkpool/sequence_data/mss_data/N47_2_2_R1.fastq.gz,/bulkpool/sequence_data/mss_data/N47_2_2_R2.fastq.gz
N47_2_3,/bulkpool/sequence_data/mss_data/N47_2_3_R1.fastq.gz,/bulkpool/sequence_data/mss_data/N47_2_3_R2.fastq.gz
N47_2_4,/bulkpool/sequence_data/mss_data/N47_2_4_R1.fastq.gz,/bulkpool/sequence_data/mss_data/N47_2_4_R2.fastq.gz
N48_1_2,/bulkpool/sequence_data/mss_data/N48_1_2_R1.fastq.gz,/bulkpool/sequence_data/mss_data/N48_1_2_R2.fastq.gz
N48_1_3,/bulkpool/sequence_data/mss_data/N48_1_3_R1.fastq.gz,/bulkpool/sequence_data/mss_data/N48_1_3_R2.fastq.gz
N48_2_2,/bulkpool/sequence_data/mss_data/N48_2_2_R1.fastq.gz,/bulkpool/sequence_data/mss_data/N48_2_2_R2.fastq.gz
N48_2_3,/bulkpool/sequence_data/mss_data/N48_2_3_R1.fastq.gz,/bulkpool/sequence_data/mss_data/N48_2_3_R2.fastq.gz
N48_2_4,/bulkpool/sequence_data/mss_data/N48_2_4_R1.fastq.gz,/bulkpool/sequence_data/mss_data/N48_2_4_R2.fastq.gz
N49_1_2,/bulkpool/sequence_data/mss_data/N49_1_2_R1.fastq.gz,/bulkpool/sequence_data/mss_data/N49_1_2_R2.fastq.gz
N49_1_3,/bulkpool/sequence_data/mss_data/N49_1_3_R1.fastq.gz,/bulkpool/sequence_data/mss_data/N49_1_3_R2.fastq.gz
N49_1_4,/bulkpool/sequence_data/mss_data/N49_1_4_R1.fastq.gz,/bulkpool/sequence_data/mss_data/N49_1_4_R2.fastq.gz
N49_2_2,/bulkpool/sequence_data/mss_data/N49_2_2_R1.fastq.gz,/bulkpool/sequence_data/mss_data/N49_2_2_R2.fastq.gz
N49_2_3,/bulkpool/sequence_data/mss_data/N49_2_3_R1.fastq.gz,/bulkpool/sequence_data/mss_data/N49_2_3_R2.fastq.gz
N49_2_4,/bulkpool/sequence_data/mss_data/N49_2_4_R1.fastq.gz,/bulkpool/sequence_data/mss_data/N49_2_4_R2.fastq.gz
N50_1_2,/bulkpool/sequence_data/mss_data/N50_1_2_R1.fastq.gz,/bulkpool/sequence_data/mss_data/N50_1_2_R2.fastq.gz
N50_1_3,/bulkpool/sequence_data/mss_data/N50_1_3_R1.fastq.gz,/bulkpool/sequence_data/mss_data/N50_1_3_R2.fastq.gz
N50_2_2,/bulkpool/sequence_data/mss_data/N50_2_2_R1.fastq.gz,/bulkpool/sequence_data/mss_data/N50_2_2_R2.fastq.gz
N50_2_3,/bulkpool/sequence_data/mss_data/N50_2_3_R1.fastq.gz,/bulkpool/sequence_data/mss_data/N50_2_3_R2.fastq.gz
N50_2_4,/bulkpool/sequence_data/mss_data/N50_2_4_R1.fastq.gz,/bulkpool/sequence_data/mss_data/N50_2_4_R2.fastq.gz
N51_1_2,/bulkpool/sequence_data/mss_data/N51_1_2_R1.fastq.gz,/bulkpool/sequence_data/mss_data/N51_1_2_R2.fastq.gz
N51_1_3,/bulkpool/sequence_data/mss_data/N51_1_3_R1.fastq.gz,/bulkpool/sequence_data/mss_data/N51_1_3_R2.fastq.gz
N51_1_4,/bulkpool/sequence_data/mss_data/N51_1_4_R1.fastq.gz,/bulkpool/sequence_data/mss_data/N51_1_4_R2.fastq.gz
N51_2_2,/bulkpool/sequence_data/mss_data/N51_2_2_R1.fastq.gz,/bulkpool/sequence_data/mss_data/N51_2_2_R2.fastq.gz
N51_2_3,/bulkpool/sequence_data/mss_data/N51_2_3_R1.fastq.gz,/bulkpool/sequence_data/mss_data/N51_2_3_R2.fastq.gz
N51_2_4,/bulkpool/sequence_data/mss_data/N51_2_4_R1.fastq.gz,/bulkpool/sequence_data/mss_data/N51_2_4_R2.fastq.gz
N52_1_2,/bulkpool/sequence_data/mss_data/N52_1_2_R1.fastq.gz,/bulkpool/sequence_data/mss_data/N52_1_2_R2.fastq.gz
N52_1_3,/bulkpool/sequence_data/mss_data/N52_1_3_R1.fastq.gz,/bulkpool/sequence_data/mss_data/N52_1_3_R2.fastq.gz
N52_1_4,/bulkpool/sequence_data/mss_data/N52_1_4_R1.fastq.gz,/bulkpool/sequence_data/mss_data/N52_1_4_R2.fastq.gz
N52_2_2,/bulkpool/sequence_data/mss_data/N52_2_2_R1.fastq.gz,/bulkpool/sequence_data/mss_data/N52_2_2_R2.fastq.gz
N52_2_3,/bulkpool/sequence_data/mss_data/N52_2_3_R1.fastq.gz,/bulkpool/sequence_data/mss_data/N52_2_3_R2.fastq.gz
N52_2_4,/bulkpool/sequence_data/mss_data/N52_2_4_R1.fastq.gz,/bulkpool/sequence_data/mss_data/N52_2_4_R2.fastq.gz
N53_1_2,/bulkpool/sequence_data/mss_data/N53_1_2_R1.fastq.gz,/bulkpool/sequence_data/mss_data/N53_1_2_R2.fastq.gz
N53_1_3,/bulkpool/sequence_data/mss_data/N53_1_3_R1.fastq.gz,/bulkpool/sequence_data/mss_data/N53_1_3_R2.fastq.gz
N53_1_4,/bulkpool/sequence_data/mss_data/N53_1_4_R1.fastq.gz,/bulkpool/sequence_data/mss_data/N53_1_4_R2.fastq.gz
N53_2_2,/bulkpool/sequence_data/mss_data/N53_2_2_R1.fastq.gz,/bulkpool/sequence_data/mss_data/N53_2_2_R2.fastq.gz
N53_2_3,/bulkpool/sequence_data/mss_data/N53_2_3_R1.fastq.gz,/bulkpool/sequence_data/mss_data/N53_2_3_R2.fastq.gz
N53_2_4,/bulkpool/sequence_data/mss_data/N53_2_4_R1.fastq.gz,/bulkpool/sequence_data/mss_data/N53_2_4_R2.fastq.gz
N54_1_2,/bulkpool/sequence_data/mss_data/N54_1_2_R1.fastq.gz,/bulkpool/sequence_data/mss_data/N54_1_2_R2.fastq.gz
N54_1_3,/bulkpool/sequence_data/mss_data/N54_1_3_R1.fastq.gz,/bulkpool/sequence_data/mss_data/N54_1_3_R2.fastq.gz
N54_1_4,/bulkpool/sequence_data/mss_data/N54_1_4_R1.fastq.gz,/bulkpool/sequence_data/mss_data/N54_1_4_R2.fastq.gz
N54_2_2,/bulkpool/sequence_data/mss_data/N54_2_2_R1.fastq.gz,/bulkpool/sequence_data/mss_data/N54_2_2_R2.fastq.gz
N54_2_3,/bulkpool/sequence_data/mss_data/N54_2_3_R1.fastq.gz,/bulkpool/sequence_data/mss_data/N54_2_3_R2.fastq.gz
N54_2_4,/bulkpool/sequence_data/mss_data/N54_2_4_R1.fastq.gz,/bulkpool/sequence_data/mss_data/N54_2_4_R2.fastq.gz
N55_1_2,/bulkpool/sequence_data/mss_data/N55_1_2_R1.fastq.gz,/bulkpool/sequence_data/mss_data/N55_1_2_R2.fastq.gz
N55_1_3,/bulkpool/sequence_data/mss_data/N55_1_3_R1.fastq.gz,/bulkpool/sequence_data/mss_data/N55_1_3_R2.fastq.gz
N55_1_4,/bulkpool/sequence_data/mss_data/N55_1_4_R1.fastq.gz,/bulkpool/sequence_data/mss_data/N55_1_4_R2.fastq.gz
N55_2_2,/bulkpool/sequence_data/mss_data/N55_2_2_R1.fastq.gz,/bulkpool/sequence_data/mss_data/N55_2_2_R2.fastq.gz
N55_2_3,/bulkpool/sequence_data/mss_data/N55_2_3_R1.fastq.gz,/bulkpool/sequence_data/mss_data/N55_2_3_R2.fastq.gz
N55_2_4,/bulkpool/sequence_data/mss_data/N55_2_4_R1.fastq.gz,/bulkpool/sequence_data/mss_data/N55_2_4_R2.fastq.gz
N56_1_2,/bulkpool/sequence_data/mss_data/N56_1_2_R1.fastq.gz,/bulkpool/sequence_data/mss_data/N56_1_2_R2.fastq.gz
N56_1_3,/bulkpool/sequence_data/mss_data/N56_1_3_R1.fastq.gz,/bulkpool/sequence_data/mss_data/N56_1_3_R2.fastq.gz
N56_1_4,/bulkpool/sequence_data/mss_data/N56_1_4_R1.fastq.gz,/bulkpool/sequence_data/mss_data/N56_1_4_R2.fastq.gz
N57_1_2,/bulkpool/sequence_data/mss_data/N57_1_2_R1.fastq.gz,/bulkpool/sequence_data/mss_data/N57_1_2_R2.fastq.gz
N57_1_3,/bulkpool/sequence_data/mss_data/N57_1_3_R1.fastq.gz,/bulkpool/sequence_data/mss_data/N57_1_3_R2.fastq.gz
N57_1_4,/bulkpool/sequence_data/mss_data/N57_1_4_R1.fastq.gz,/bulkpool/sequence_data/mss_data/N57_1_4_R2.fastq.gz
N57_2_2,/bulkpool/sequence_data/mss_data/N57_2_2_R1.fastq.gz,/bulkpool/sequence_data/mss_data/N57_2_2_R2.fastq.gz
N57_2_3,/bulkpool/sequence_data/mss_data/N57_2_3_R1.fastq.gz,/bulkpool/sequence_data/mss_data/N57_2_3_R2.fastq.gz
N57_2_4,/bulkpool/sequence_data/mss_data/N57_2_4_R1.fastq.gz,/bulkpool/sequence_data/mss_data/N57_2_4_R2.fastq.gz
N58_1_2,/bulkpool/sequence_data/mss_data/N58_1_2_R1.fastq.gz,/bulkpool/sequence_data/mss_data/N58_1_2_R2.fastq.gz
N58_1_3,/bulkpool/sequence_data/mss_data/N58_1_3_R1.fastq.gz,/bulkpool/sequence_data/mss_data/N58_1_3_R2.fastq.gz
N58_1_4,/bulkpool/sequence_data/mss_data/N58_1_4_R1.fastq.gz,/bulkpool/sequence_data/mss_data/N58_1_4_R2.fastq.gz
N58_2_2,/bulkpool/sequence_data/mss_data/N58_2_2_R1.fastq.gz,/bulkpool/sequence_data/mss_data/N58_2_2_R2.fastq.gz
N58_2_3,/bulkpool/sequence_data/mss_data/N58_2_3_R1.fastq.gz,/bulkpool/sequence_data/mss_data/N58_2_3_R2.fastq.gz
N58_2_4,/bulkpool/sequence_data/mss_data/N58_2_4_R1.fastq.gz,/bulkpool/sequence_data/mss_data/N58_2_4_R2.fastq.gz
N59_1_2,/bulkpool/sequence_data/mss_data/N59_1_2_R1.fastq.gz,/bulkpool/sequence_data/mss_data/N59_1_2_R2.fastq.gz
N59_1_3,/bulkpool/sequence_data/mss_data/N59_1_3_R1.fastq.gz,/bulkpool/sequence_data/mss_data/N59_1_3_R2.fastq.gz
N59_1_4,/bulkpool/sequence_data/mss_data/N59_1_4_R1.fastq.gz,/bulkpool/sequence_data/mss_data/N59_1_4_R2.fastq.gz
N60_1_2,/bulkpool/sequence_data/mss_data/N60_1_2_R1.fastq.gz,/bulkpool/sequence_data/mss_data/N60_1_2_R2.fastq.gz
N60_1_3,/bulkpool/sequence_data/mss_data/N60_1_3_R1.fastq.gz,/bulkpool/sequence_data/mss_data/N60_1_3_R2.fastq.gz
N60_1_4,/bulkpool/sequence_data/mss_data/N60_1_4_R1.fastq.gz,/bulkpool/sequence_data/mss_data/N60_1_4_R2.fastq.gz
N60_2_2,/bulkpool/sequence_data/mss_data/N60_2_2_R1.fastq.gz,/bulkpool/sequence_data/mss_data/N60_2_2_R2.fastq.gz
N60_2_3,/bulkpool/sequence_data/mss_data/N60_2_3_R1.fastq.gz,/bulkpool/sequence_data/mss_data/N60_2_3_R2.fastq.gz
N60_2_4,/bulkpool/sequence_data/mss_data/N60_2_4_R1.fastq.gz,/bulkpool/sequence_data/mss_data/N60_2_4_R2.fastq.gz
N61_1_2,/bulkpool/sequence_data/mss_data/N61_1_2_R1.fastq.gz,/bulkpool/sequence_data/mss_data/N61_1_2_R2.fastq.gz
N61_1_3,/bulkpool/sequence_data/mss_data/N61_1_3_R1.fastq.gz,/bulkpool/sequence_data/mss_data/N61_1_3_R2.fastq.gz
N61_1_4,/bulkpool/sequence_data/mss_data/N61_1_4_R1.fastq.gz,/bulkpool/sequence_data/mss_data/N61_1_4_R2.fastq.gz
N61_2_2,/bulkpool/sequence_data/mss_data/N61_2_2_R1.fastq.gz,/bulkpool/sequence_data/mss_data/N61_2_2_R2.fastq.gz
N61_2_3,/bulkpool/sequence_data/mss_data/N61_2_3_R1.fastq.gz,/bulkpool/sequence_data/mss_data/N61_2_3_R2.fastq.gz
N61_2_4,/bulkpool/sequence_data/mss_data/N61_2_4_R1.fastq.gz,/bulkpool/sequence_data/mss_data/N61_2_4_R2.fastq.gz
N62_1_2,/bulkpool/sequence_data/mss_data/N62_1_2_R1.fastq.gz,/bulkpool/sequence_data/mss_data/N62_1_2_R2.fastq.gz
N62_1_3,/bulkpool/sequence_data/mss_data/N62_1_3_R1.fastq.gz,/bulkpool/sequence_data/mss_data/N62_1_3_R2.fastq.gz
N62_1_4,/bulkpool/sequence_data/mss_data/N62_1_4_R1.fastq.gz,/bulkpool/sequence_data/mss_data/N62_1_4_R2.fastq.gz
N62_2_2,/bulkpool/sequence_data/mss_data/N62_2_2_R1.fastq.gz,/bulkpool/sequence_data/mss_data/N62_2_2_R2.fastq.gz
N62_2_3,/bulkpool/sequence_data/mss_data/N62_2_3_R1.fastq.gz,/bulkpool/sequence_data/mss_data/N62_2_3_R2.fastq.gz
N62_2_4,/bulkpool/sequence_data/mss_data/N62_2_4_R1.fastq.gz,/bulkpool/sequence_data/mss_data/N62_2_4_R2.fastq.gz
N63_1_2,/bulkpool/sequence_data/mss_data/N63_1_2_R1.fastq.gz,/bulkpool/sequence_data/mss_data/N63_1_2_R2.fastq.gz
N63_1_3,/bulkpool/sequence_data/mss_data/N63_1_3_R1.fastq.gz,/bulkpool/sequence_data/mss_data/N63_1_3_R2.fastq.gz
N63_1_4,/bulkpool/sequence_data/mss_data/N63_1_4_R1.fastq.gz,/bulkpool/sequence_data/mss_data/N63_1_4_R2.fastq.gz
N63_2_2,/bulkpool/sequence_data/mss_data/N63_2_2_R1.fastq.gz,/bulkpool/sequence_data/mss_data/N63_2_2_R2.fastq.gz
N63_2_3,/bulkpool/sequence_data/mss_data/N63_2_3_R1.fastq.gz,/bulkpool/sequence_data/mss_data/N63_2_3_R2.fastq.gz
N63_2_4,/bulkpool/sequence_data/mss_data/N63_2_4_R1.fastq.gz,/bulkpool/sequence_data/mss_data/N63_2_4_R2.fastq.gz
N64_1_2,/bulkpool/sequence_data/mss_data/N64_1_2_R1.fastq.gz,/bulkpool/sequence_data/mss_data/N64_1_2_R2.fastq.gz
N64_1_3,/bulkpool/sequence_data/mss_data/N64_1_3_R1.fastq.gz,/bulkpool/sequence_data/mss_data/N64_1_3_R2.fastq.gz
N64_1_4,/bulkpool/sequence_data/mss_data/N64_1_4_R1.fastq.gz,/bulkpool/sequence_data/mss_data/N64_1_4_R2.fastq.gz
N64_2_2,/bulkpool/sequence_data/mss_data/N64_2_2_R1.fastq.gz,/bulkpool/sequence_data/mss_data/N64_2_2_R2.fastq.gz
N64_2_3,/bulkpool/sequence_data/mss_data/N64_2_3_R1.fastq.gz,/bulkpool/sequence_data/mss_data/N64_2_3_R2.fastq.gz
N64_2_4,/bulkpool/sequence_data/mss_data/N64_2_4_R1.fastq.gz,/bulkpool/sequence_data/mss_data/N64_2_4_R2.fastq.gz
N65_1_2,/bulkpool/sequence_data/mss_data/N65_1_2_R1.fastq.gz,/bulkpool/sequence_data/mss_data/N65_1_2_R2.fastq.gz
N65_1_3,/bulkpool/sequence_data/mss_data/N65_1_3_R1.fastq.gz,/bulkpool/sequence_data/mss_data/N65_1_3_R2.fastq.gz
N65_1_4,/bulkpool/sequence_data/mss_data/N65_1_4_R1.fastq.gz,/bulkpool/sequence_data/mss_data/N65_1_4_R2.fastq.gz
N65_2_2,/bulkpool/sequence_data/mss_data/N65_2_2_R1.fastq.gz,/bulkpool/sequence_data/mss_data/N65_2_2_R2.fastq.gz
N65_2_3,/bulkpool/sequence_data/mss_data/N65_2_3_R1.fastq.gz,/bulkpool/sequence_data/mss_data/N65_2_3_R2.fastq.gz
N65_2_4,/bulkpool/sequence_data/mss_data/N65_2_4_R1.fastq.gz,/bulkpool/sequence_data/mss_data/N65_2_4_R2.fastq.gz
N66_1_2,/bulkpool/sequence_data/mss_data/N66_1_2_R1.fastq.gz,/bulkpool/sequence_data/mss_data/N66_1_2_R2.fastq.gz
N66_1_3,/bulkpool/sequence_data/mss_data/N66_1_3_R1.fastq.gz,/bulkpool/sequence_data/mss_data/N66_1_3_R2.fastq.gz
N66_1_4,/bulkpool/sequence_data/mss_data/N66_1_4_R1.fastq.gz,/bulkpool/sequence_data/mss_data/N66_1_4_R2.fastq.gz
N66_2_2,/bulkpool/sequence_data/mss_data/N66_2_2_R1.fastq.gz,/bulkpool/sequence_data/mss_data/N66_2_2_R2.fastq.gz
N66_2_3,/bulkpool/sequence_data/mss_data/N66_2_3_R1.fastq.gz,/bulkpool/sequence_data/mss_data/N66_2_3_R2.fastq.gz
N66_2_4,/bulkpool/sequence_data/mss_data/N66_2_4_R1.fastq.gz,/bulkpool/sequence_data/mss_data/N66_2_4_R2.fastq.gz
N67_1_2,/bulkpool/sequence_data/mss_data/N67_1_2_R1.fastq.gz,/bulkpool/sequence_data/mss_data/N67_1_2_R2.fastq.gz
N67_1_3,/bulkpool/sequence_data/mss_data/N67_1_3_R1.fastq.gz,/bulkpool/sequence_data/mss_data/N67_1_3_R2.fastq.gz
N67_1_4,/bulkpool/sequence_data/mss_data/N67_1_4_R1.fastq.gz,/bulkpool/sequence_data/mss_data/N67_1_4_R2.fastq.gz
N67_2_2,/bulkpool/sequence_data/mss_data/N67_2_2_R1.fastq.gz,/bulkpool/sequence_data/mss_data/N67_2_2_R2.fastq.gz
N67_2_3,/bulkpool/sequence_data/mss_data/N67_2_3_R1.fastq.gz,/bulkpool/sequence_data/mss_data/N67_2_3_R2.fastq.gz
N67_2_4,/bulkpool/sequence_data/mss_data/N67_2_4_R1.fastq.gz,/bulkpool/sequence_data/mss_data/N67_2_4_R2.fastq.gz
N68_1_2,/bulkpool/sequence_data/mss_data/N68_1_2_R1.fastq.gz,/bulkpool/sequence_data/mss_data/N68_1_2_R2.fastq.gz
N68_1_3,/bulkpool/sequence_data/mss_data/N68_1_3_R1.fastq.gz,/bulkpool/sequence_data/mss_data/N68_1_3_R2.fastq.gz
N68_1_4,/bulkpool/sequence_data/mss_data/N68_1_4_R1.fastq.gz,/bulkpool/sequence_data/mss_data/N68_1_4_R2.fastq.gz
N68_2_2,/bulkpool/sequence_data/mss_data/N68_2_2_R1.fastq.gz,/bulkpool/sequence_data/mss_data/N68_2_2_R2.fastq.gz
N68_2_3,/bulkpool/sequence_data/mss_data/N68_2_3_R1.fastq.gz,/bulkpool/sequence_data/mss_data/N68_2_3_R2.fastq.gz
N68_2_4,/bulkpool/sequence_data/mss_data/N68_2_4_R1.fastq.gz,/bulkpool/sequence_data/mss_data/N68_2_4_R2.fastq.gz
ZJH_N01_1_2,/bulkpool/sequence_data/mss_data/ZJH_N1_1_2_R1.fastq.gz,/bulkpool/sequence_data/mss_data/ZJH_N1_1_2_R2.fastq.gz
ZJH_N01_1_3,/bulkpool/sequence_data/mss_data/ZJH_N1_1_3_R1.fastq.gz,/bulkpool/sequence_data/mss_data/ZJH_N1_1_3_R2.fastq.gz
ZJH_N01_1_4,/bulkpool/sequence_data/mss_data/ZJH_N1_1_4_R1.fastq.gz,/bulkpool/sequence_data/mss_data/ZJH_N1_1_4_R2.fastq.gz
ZJH_N01_2_2,/bulkpool/sequence_data/mss_data/ZJH_N1_2_2_R1.fastq.gz,/bulkpool/sequence_data/mss_data/ZJH_N1_2_2_R2.fastq.gz
ZJH_N01_2_3,/bulkpool/sequence_data/mss_data/ZJH_N1_2_3_R1.fastq.gz,/bulkpool/sequence_data/mss_data/ZJH_N1_2_3_R2.fastq.gz
ZJH_N01_2_4,/bulkpool/sequence_data/mss_data/ZJH_N1_2_4_R1.fastq.gz,/bulkpool/sequence_data/mss_data/ZJH_N1_2_4_R2.fastq.gz
ZJH_N02_1_2,/bulkpool/sequence_data/mss_data/ZJH_N2_1_2_R1.fastq.gz,/bulkpool/sequence_data/mss_data/ZJH_N2_1_2_R2.fastq.gz
ZJH_N02_1_3,/bulkpool/sequence_data/mss_data/ZJH_N2_1_3_R1.fastq.gz,/bulkpool/sequence_data/mss_data/ZJH_N2_1_3_R2.fastq.gz
ZJH_N02_1_4,/bulkpool/sequence_data/mss_data/ZJH_N2_1_4_R1.fastq.gz,/bulkpool/sequence_data/mss_data/ZJH_N2_1_4_R2.fastq.gz
ZJH_N02_2_2,/bulkpool/sequence_data/mss_data/ZJH_N2_2_2_R1.fastq.gz,/bulkpool/sequence_data/mss_data/ZJH_N2_2_2_R2.fastq.gz
ZJH_N02_2_3,/bulkpool/sequence_data/mss_data/ZJH_N2_2_3_R1.fastq.gz,/bulkpool/sequence_data/mss_data/ZJH_N2_2_3_R2.fastq.gz
ZJH_N02_2_4,/bulkpool/sequence_data/mss_data/ZJH_N2_2_4_R1.fastq.gz,/bulkpool/sequence_data/mss_data/ZJH_N2_2_4_R2.fastq.gz
ZJH_N03_1_2,/bulkpool/sequence_data/mss_data/ZJH_N3_1_2_R1.fastq.gz,/bulkpool/sequence_data/mss_data/ZJH_N3_1_2_R2.fastq.gz
ZJH_N03_1_3,/bulkpool/sequence_data/mss_data/ZJH_N3_1_3_R1.fastq.gz,/bulkpool/sequence_data/mss_data/ZJH_N3_1_3_R2.fastq.gz
ZJH_N03_2_2,/bulkpool/sequence_data/mss_data/ZJH_N3_2_2_R1.fastq.gz,/bulkpool/sequence_data/mss_data/ZJH_N3_2_2_R2.fastq.gz
ZJH_N03_2_4,/bulkpool/sequence_data/mss_data/ZJH_N3_2_4_R1.fastq.gz,/bulkpool/sequence_data/mss_data/ZJH_N3_2_4_R2.fastq.gz
ZJH_N04_1_2,/bulkpool/sequence_data/mss_data/ZJH_N4_1_2_R1.fastq.gz,/bulkpool/sequence_data/mss_data/ZJH_N4_1_2_R2.fastq.gz
ZJH_N04_1_3,/bulkpool/sequence_data/mss_data/ZJH_N4_1_3_R1.fastq.gz,/bulkpool/sequence_data/mss_data/ZJH_N4_1_3_R2.fastq.gz
ZJH_N04_1_4,/bulkpool/sequence_data/mss_data/ZJH_N4_1_4_R1.fastq.gz,/bulkpool/sequence_data/mss_data/ZJH_N4_1_4_R2.fastq.gz
ZJH_N04_2_2,/bulkpool/sequence_data/mss_data/ZJH_N4_2_2_R1.fastq.gz,/bulkpool/sequence_data/mss_data/ZJH_N4_2_2_R2.fastq.gz
ZJH_N04_2_3,/bulkpool/sequence_data/mss_data/ZJH_N4_2_3_R1.fastq.gz,/bulkpool/sequence_data/mss_data/ZJH_N4_2_3_R2.fastq.gz
ZJH_N04_2_4,/bulkpool/sequence_data/mss_data/ZJH_N4_2_4_R1.fastq.gz,/bulkpool/sequence_data/mss_data/ZJH_N4_2_4_R2.fastq.gz
ZJH_N05_1_2,/bulkpool/sequence_data/mss_data/ZJH_N5_1_2_R1.fastq.gz,/bulkpool/sequence_data/mss_data/ZJH_N5_1_2_R2.fastq.gz
ZJH_N05_1_4,/bulkpool/sequence_data/mss_data/ZJH_N5_1_4_R1.fastq.gz,/bulkpool/sequence_data/mss_data/ZJH_N5_1_4_R2.fastq.gz
ZJH_N05_2_2,/bulkpool/sequence_data/mss_data/ZJH_N5_2_2_R1.fastq.gz,/bulkpool/sequence_data/mss_data/ZJH_N5_2_2_R2.fastq.gz
ZJH_N05_2_3,/bulkpool/sequence_data/mss_data/ZJH_N5_2_3_R1.fastq.gz,/bulkpool/sequence_data/mss_data/ZJH_N5_2_3_R2.fastq.gz
ZJH_N05_2_4,/bulkpool/sequence_data/mss_data/ZJH_N5_2_4_R1.fastq.gz,/bulkpool/sequence_data/mss_data/ZJH_N5_2_4_R2.fastq.gz
ZJH_N06_1_2,/bulkpool/sequence_data/mss_data/ZJH_N6_1_2_R1.fastq.gz,/bulkpool/sequence_data/mss_data/ZJH_N6_1_2_R2.fastq.gz
ZJH_N06_1_3,/bulkpool/sequence_data/mss_data/ZJH_N6_1_3_R1.fastq.gz,/bulkpool/sequence_data/mss_data/ZJH_N6_1_3_R2.fastq.gz
ZJH_N06_1_4,/bulkpool/sequence_data/mss_data/ZJH_N6_1_4_R1.fastq.gz,/bulkpool/sequence_data/mss_data/ZJH_N6_1_4_R2.fastq.gz
ZJH_N06_2_2,/bulkpool/sequence_data/mss_data/ZJH_N6_2_2_R1.fastq.gz,/bulkpool/sequence_data/mss_data/ZJH_N6_2_2_R2.fastq.gz
ZJH_N06_2_3,/bulkpool/sequence_data/mss_data/ZJH_N6_2_3_R1.fastq.gz,/bulkpool/sequence_data/mss_data/ZJH_N6_2_3_R2.fastq.gz
ZJH_N06_2_4,/bulkpool/sequence_data/mss_data/ZJH_N6_2_4_R1.fastq.gz,/bulkpool/sequence_data/mss_data/ZJH_N6_2_4_R2.fastq.gz
ZJH_N07_1_2,/bulkpool/sequence_data/mss_data/ZJH_N7_1_2_R1.fastq.gz,/bulkpool/sequence_data/mss_data/ZJH_N7_1_2_R2.fastq.gz
ZJH_N07_1_3,/bulkpool/sequence_data/mss_data/ZJH_N7_1_3_R1.fastq.gz,/bulkpool/sequence_data/mss_data/ZJH_N7_1_3_R2.fastq.gz
ZJH_N07_1_4,/bulkpool/sequence_data/mss_data/ZJH_N7_1_4_R1.fastq.gz,/bulkpool/sequence_data/mss_data/ZJH_N7_1_4_R2.fastq.gz
ZJH_N07_2_3,/bulkpool/sequence_data/mss_data/ZJH_N7_2_3_R1.fastq.gz,/bulkpool/sequence_data/mss_data/ZJH_N7_2_3_R2.fastq.gz
ZJH_N07_2_4,/bulkpool/sequence_data/mss_data/ZJH_N7_2_4_R1.fastq.gz,/bulkpool/sequence_data/mss_data/ZJH_N7_2_4_R2.fastq.gz
ZJH_N08_1_2,/bulkpool/sequence_data/mss_data/ZJH_N8_1_2_R1.fastq.gz,/bulkpool/sequence_data/mss_data/ZJH_N8_1_2_R2.fastq.gz
ZJH_N08_1_3,/bulkpool/sequence_data/mss_data/ZJH_N8_1_3_R1.fastq.gz,/bulkpool/sequence_data/mss_data/ZJH_N8_1_3_R2.fastq.gz
ZJH_N08_1_4,/bulkpool/sequence_data/mss_data/ZJH_N8_1_4_R1.fastq.gz,/bulkpool/sequence_data/mss_data/ZJH_N8_1_4_R2.fastq.gz
ZJH_N08_2_2,/bulkpool/sequence_data/mss_data/ZJH_N8_2_2_R1.fastq.gz,/bulkpool/sequence_data/mss_data/ZJH_N8_2_2_R2.fastq.gz
ZJH_N08_2_3,/bulkpool/sequence_data/mss_data/ZJH_N8_2_3_R1.fastq.gz,/bulkpool/sequence_data/mss_data/ZJH_N8_2_3_R2.fastq.gz
ZJH_N08_2_4,/bulkpool/sequence_data/mss_data/ZJH_N8_2_4_R1.fastq.gz,/bulkpool/sequence_data/mss_data/ZJH_N8_2_4_R2.fastq.gz
ZJH_N09_1_2,/bulkpool/sequence_data/mss_data/ZJH_N9_1_2_R1.fastq.gz,/bulkpool/sequence_data/mss_data/ZJH_N9_1_2_R2.fastq.gz
ZJH_N09_1_3,/bulkpool/sequence_data/mss_data/ZJH_N9_1_3_R1.fastq.gz,/bulkpool/sequence_data/mss_data/ZJH_N9_1_3_R2.fastq.gz
ZJH_N09_2_2,/bulkpool/sequence_data/mss_data/ZJH_N9_2_2_R1.fastq.gz,/bulkpool/sequence_data/mss_data/ZJH_N9_2_2_R2.fastq.gz
ZJH_N09_2_4,/bulkpool/sequence_data/mss_data/ZJH_N9_2_4_R1.fastq.gz,/bulkpool/sequence_data/mss_data/ZJH_N9_2_4_R2.fastq.gz
ZJH_N10_1_2,/bulkpool/sequence_data/mss_data/ZJH_N10_1_2_R1.fastq.gz,/bulkpool/sequence_data/mss_data/ZJH_N10_1_2_R2.fastq.gz
ZJH_N10_1_4,/bulkpool/sequence_data/mss_data/ZJH_N10_1_4_R1.fastq.gz,/bulkpool/sequence_data/mss_data/ZJH_N10_1_4_R2.fastq.gz
ZJH_N10_2_2,/bulkpool/sequence_data/mss_data/ZJH_N10_2_2_R1.fastq.gz,/bulkpool/sequence_data/mss_data/ZJH_N10_2_2_R2.fastq.gz
ZJH_N10_2_3,/bulkpool/sequence_data/mss_data/ZJH_N10_2_3_R1.fastq.gz,/bulkpool/sequence_data/mss_data/ZJH_N10_2_3_R2.fastq.gz
ZJH_N10_2_4,/bulkpool/sequence_data/mss_data/ZJH_N10_2_4_R1.fastq.gz,/bulkpool/sequence_data/mss_data/ZJH_N10_2_4_R2.fastq.gz
ZJH_N11_1_2,/bulkpool/sequence_data/mss_data/ZJH_N11_1_2_R1.fastq.gz,/bulkpool/sequence_data/mss_data/ZJH_N11_1_2_R2.fastq.gz
ZJH_N11_1_3,/bulkpool/sequence_data/mss_data/ZJH_N11_1_3_R1.fastq.gz,/bulkpool/sequence_data/mss_data/ZJH_N11_1_3_R2.fastq.gz
ZJH_N11_1_4,/bulkpool/sequence_data/mss_data/ZJH_N11_1_4_R1.fastq.gz,/bulkpool/sequence_data/mss_data/ZJH_N11_1_4_R2.fastq.gz
ZJH_N11_2_2,/bulkpool/sequence_data/mss_data/ZJH_N11_2_2_R1.fastq.gz,/bulkpool/sequence_data/mss_data/ZJH_N11_2_2_R2.fastq.gz
ZJH_N11_2_3,/bulkpool/sequence_data/mss_data/ZJH_N11_2_3_R1.fastq.gz,/bulkpool/sequence_data/mss_data/ZJH_N11_2_3_R2.fastq.gz
ZJH_N11_2_4,/bulkpool/sequence_data/mss_data/ZJH_N11_2_4_R1.fastq.gz,/bulkpool/sequence_data/mss_data/ZJH_N11_2_4_R2.fastq.gz
ZJH_N12_1_2,/bulkpool/sequence_data/mss_data/ZJH_N12_1_2_R1.fastq.gz,/bulkpool/sequence_data/mss_data/ZJH_N12_1_2_R2.fastq.gz
ZJH_N12_1_3,/bulkpool/sequence_data/mss_data/ZJH_N12_1_3_R1.fastq.gz,/bulkpool/sequence_data/mss_data/ZJH_N12_1_3_R2.fastq.gz
ZJH_N12_1_4,/bulkpool/sequence_data/mss_data/ZJH_N12_1_4_R1.fastq.gz,/bulkpool/sequence_data/mss_data/ZJH_N12_1_4_R2.fastq.gz
ZJH_N12_2_2,/bulkpool/sequence_data/mss_data/ZJH_N12_2_2_R1.fastq.gz,/bulkpool/sequence_data/mss_data/ZJH_N12_2_2_R2.fastq.gz
ZJH_N12_2_4,/bulkpool/sequence_data/mss_data/ZJH_N12_2_4_R1.fastq.gz,/bulkpool/sequence_data/mss_data/ZJH_N12_2_4_R2.fastq.gz
ZJH_N13_1_2,/bulkpool/sequence_data/mss_data/ZJH_N13_1_2_R1.fastq.gz,/bulkpool/sequence_data/mss_data/ZJH_N13_1_2_R2.fastq.gz
ZJH_N13_1_3,/bulkpool/sequence_data/mss_data/ZJH_N13_1_3_R1.fastq.gz,/bulkpool/sequence_data/mss_data/ZJH_N13_1_3_R2.fastq.gz
ZJH_N13_1_4,/bulkpool/sequence_data/mss_data/ZJH_N13_1_4_R1.fastq.gz,/bulkpool/sequence_data/mss_data/ZJH_N13_1_4_R2.fastq.gz
ZJH_N13_2_2,/bulkpool/sequence_data/mss_data/ZJH_N13_2_2_R1.fastq.gz,/bulkpool/sequence_data/mss_data/ZJH_N13_2_2_R2.fastq.gz
ZJH_N13_2_3,/bulkpool/sequence_data/mss_data/ZJH_N13_2_3_R1.fastq.gz,/bulkpool/sequence_data/mss_data/ZJH_N13_2_3_R2.fastq.gz
ZJH_N13_2_4,/bulkpool/sequence_data/mss_data/ZJH_N13_2_4_R1.fastq.gz,/bulkpool/sequence_data/mss_data/ZJH_N13_2_4_R2.fastq.gz
ZJH_N14_1_2,/bulkpool/sequence_data/mss_data/ZJH_N14_1_2_R1.fastq.gz,/bulkpool/sequence_data/mss_data/ZJH_N14_1_2_R2.fastq.gz
ZJH_N14_1_3,/bulkpool/sequence_data/mss_data/ZJH_N14_1_3_R1.fastq.gz,/bulkpool/sequence_data/mss_data/ZJH_N14_1_3_R2.fastq.gz
ZJH_N14_1_4,/bulkpool/sequence_data/mss_data/ZJH_N14_1_4_R1.fastq.gz,/bulkpool/sequence_data/mss_data/ZJH_N14_1_4_R2.fastq.gz
ZJH_N14_2_2,/bulkpool/sequence_data/mss_data/ZJH_N14_2_2_R1.fastq.gz,/bulkpool/sequence_data/mss_data/ZJH_N14_2_2_R2.fastq.gz
ZJH_N14_2_3,/bulkpool/sequence_data/mss_data/ZJH_N14_2_3_R1.fastq.gz,/bulkpool/sequence_data/mss_data/ZJH_N14_2_3_R2.fastq.gz
ZJH_N14_2_4,/bulkpool/sequence_data/mss_data/ZJH_N14_2_4_R1.fastq.gz,/bulkpool/sequence_data/mss_data/ZJH_N14_2_4_R2.fastq.gz
ZJH_N15_1_2,/bulkpool/sequence_data/mss_data/ZJH_N15_1_2_R1.fastq.gz,/bulkpool/sequence_data/mss_data/ZJH_N15_1_2_R2.fastq.gz
ZJH_N15_1_4,/bulkpool/sequence_data/mss_data/ZJH_N15_1_4_R1.fastq.gz,/bulkpool/sequence_data/mss_data/ZJH_N15_1_4_R2.fastq.gz
ZJH_N16_1_2,/bulkpool/sequence_data/mss_data/ZJH_N16_1_2_R1.fastq.gz,/bulkpool/sequence_data/mss_data/ZJH_N16_1_2_R2.fastq.gz
ZJH_N16_1_3,/bulkpool/sequence_data/mss_data/ZJH_N16_1_3_R1.fastq.gz,/bulkpool/sequence_data/mss_data/ZJH_N16_1_3_R2.fastq.gz
ZJH_N16_2_2,/bulkpool/sequence_data/mss_data/ZJH_N16_2_2_R1.fastq.gz,/bulkpool/sequence_data/mss_data/ZJH_N16_2_2_R2.fastq.gz
ZJH_N16_2_3,/bulkpool/sequence_data/mss_data/ZJH_N16_2_3_R1.fastq.gz,/bulkpool/sequence_data/mss_data/ZJH_N16_2_3_R2.fastq.gz
ZJH_N16_2_4,/bulkpool/sequence_data/mss_data/ZJH_N16_2_4_R1.fastq.gz,/bulkpool/sequence_data/mss_data/ZJH_N16_2_4_R2.fastq.gz
ZJH_N17_1_2,/bulkpool/sequence_data/mss_data/ZJH_N17_1_2_R1.fastq.gz,/bulkpool/sequence_data/mss_data/ZJH_N17_1_2_R2.fastq.gz
ZJH_N17_1_3,/bulkpool/sequence_data/mss_data/ZJH_N17_1_3_R1.fastq.gz,/bulkpool/sequence_data/mss_data/ZJH_N17_1_3_R2.fastq.gz
ZJH_N17_1_4,/bulkpool/sequence_data/mss_data/ZJH_N17_1_4_R1.fastq.gz,/bulkpool/sequence_data/mss_data/ZJH_N17_1_4_R2.fastq.gz
ZJH_N17_2_2,/bulkpool/sequence_data/mss_data/ZJH_N17_2_2_R1.fastq.gz,/bulkpool/sequence_data/mss_data/ZJH_N17_2_2_R2.fastq.gz
ZJH_N17_2_3,/bulkpool/sequence_data/mss_data/ZJH_N17_2_3_R1.fastq.gz,/bulkpool/sequence_data/mss_data/ZJH_N17_2_3_R2.fastq.gz
ZJH_N17_2_4,/bulkpool/sequence_data/mss_data/ZJH_N17_2_4_R1.fastq.gz,/bulkpool/sequence_data/mss_data/ZJH_N17_2_4_R2.fastq.gz
ZJH_N18_1_2,/bulkpool/sequence_data/mss_data/ZJH_N18_1_2_R1.fastq.gz,/bulkpool/sequence_data/mss_data/ZJH_N18_1_2_R2.fastq.gz
ZJH_N18_1_3,/bulkpool/sequence_data/mss_data/ZJH_N18_1_3_R1.fastq.gz,/bulkpool/sequence_data/mss_data/ZJH_N18_1_3_R2.fastq.gz
ZJH_N18_1_4,/bulkpool/sequence_data/mss_data/ZJH_N18_1_4_R1.fastq.gz,/bulkpool/sequence_data/mss_data/ZJH_N18_1_4_R2.fastq.gz
ZJH_N18_2_2,/bulkpool/sequence_data/mss_data/ZJH_N18_2_2_R1.fastq.gz,/bulkpool/sequence_data/mss_data/ZJH_N18_2_2_R2.fastq.gz
ZJH_N18_2_3,/bulkpool/sequence_data/mss_data/ZJH_N18_2_3_R1.fastq.gz,/bulkpool/sequence_data/mss_data/ZJH_N18_2_3_R2.fastq.gz
ZJH_N18_2_4,/bulkpool/sequence_data/mss_data/ZJH_N18_2_4_R1.fastq.gz,/bulkpool/sequence_data/mss_data/ZJH_N18_2_4_R2.fastq.gz
ZJH_N19_1_2,/bulkpool/sequence_data/mss_data/ZJH_N19_1_2_R1.fastq.gz,/bulkpool/sequence_data/mss_data/ZJH_N19_1_2_R2.fastq.gz
ZJH_N19_1_3,/bulkpool/sequence_data/mss_data/ZJH_N19_1_3_R1.fastq.gz,/bulkpool/sequence_data/mss_data/ZJH_N19_1_3_R2.fastq.gz
ZJH_N19_1_4,/bulkpool/sequence_data/mss_data/ZJH_N19_1_4_R1.fastq.gz,/bulkpool/sequence_data/mss_data/ZJH_N19_1_4_R2.fastq.gz
ZJH_N19_2_2,/bulkpool/sequence_data/mss_data/ZJH_N19_2_2_R1.fastq.gz,/bulkpool/sequence_data/mss_data/ZJH_N19_2_2_R2.fastq.gz
ZJH_N19_2_4,/bulkpool/sequence_data/mss_data/ZJH_N19_2_4_R1.fastq.gz,/bulkpool/sequence_data/mss_data/ZJH_N19_2_4_R2.fastq.gz
ZJH_N20_1_3,/bulkpool/sequence_data/mss_data/ZJH_N20_1_3_R1.fastq.gz,/bulkpool/sequence_data/mss_data/ZJH_N20_1_3_R2.fastq.gz
ZJH_N20_1_4,/bulkpool/sequence_data/mss_data/ZJH_N20_1_4_R1.fastq.gz,/bulkpool/sequence_data/mss_data/ZJH_N20_1_4_R2.fastq.gz
ZJH_N20_2_2,/bulkpool/sequence_data/mss_data/ZJH_N20_2_2_R1.fastq.gz,/bulkpool/sequence_data/mss_data/ZJH_N20_2_2_R2.fastq.gz
ZJH_N20_2_3,/bulkpool/sequence_data/mss_data/ZJH_N20_2_3_R1.fastq.gz,/bulkpool/sequence_data/mss_data/ZJH_N20_2_3_R2.fastq.gz
ZJH_N20_2_4,/bulkpool/sequence_data/mss_data/ZJH_N20_2_4_R1.fastq.gz,/bulkpool/sequence_data/mss_data/ZJH_N20_2_4_R2.fastq.gz
ZJH_N21_1_2,/bulkpool/sequence_data/mss_data/ZJH_N21_1_2_R1.fastq.gz,/bulkpool/sequence_data/mss_data/ZJH_N21_1_2_R2.fastq.gz
ZJH_N21_1_4,/bulkpool/sequence_data/mss_data/ZJH_N21_1_4_R1.fastq.gz,/bulkpool/sequence_data/mss_data/ZJH_N21_1_4_R2.fastq.gz
ZJH_N21_2_2,/bulkpool/sequence_data/mss_data/ZJH_N21_2_2_R1.fastq.gz,/bulkpool/sequence_data/mss_data/ZJH_N21_2_2_R2.fastq.gz
ZJH_N21_2_4,/bulkpool/sequence_data/mss_data/ZJH_N21_2_4_R1.fastq.gz,/bulkpool/sequence_data/mss_data/ZJH_N21_2_4_R2.fastq.gz
ZJH_N22_1_3,/bulkpool/sequence_data/mss_data/ZJH_N22_1_3_R1.fastq.gz,/bulkpool/sequence_data/mss_data/ZJH_N22_1_3_R2.fastq.gz
ZJH_N22_1_4,/bulkpool/sequence_data/mss_data/ZJH_N22_1_4_R1.fastq.gz,/bulkpool/sequence_data/mss_data/ZJH_N22_1_4_R2.fastq.gz
ZJH_N22_2_2,/bulkpool/sequence_data/mss_data/ZJH_N22_2_2_R1.fastq.gz,/bulkpool/sequence_data/mss_data/ZJH_N22_2_2_R2.fastq.gz
ZJH_N22_2_3,/bulkpool/sequence_data/mss_data/ZJH_N22_2_3_R1.fastq.gz,/bulkpool/sequence_data/mss_data/ZJH_N22_2_3_R2.fastq.gz
ZJH_N22_2_4,/bulkpool/sequence_data/mss_data/ZJH_N22_2_4_R1.fastq.gz,/bulkpool/sequence_data/mss_data/ZJH_N22_2_4_R2.fastq.gz
ZJH_N23_1_2,/bulkpool/sequence_data/mss_data/ZJH_N23_1_2_R1.fastq.gz,/bulkpool/sequence_data/mss_data/ZJH_N23_1_2_R2.fastq.gz
ZJH_N23_1_3,/bulkpool/sequence_data/mss_data/ZJH_N23_1_3_R1.fastq.gz,/bulkpool/sequence_data/mss_data/ZJH_N23_1_3_R2.fastq.gz
ZJH_N23_1_4,/bulkpool/sequence_data/mss_data/ZJH_N23_1_4_R1.fastq.gz,/bulkpool/sequence_data/mss_data/ZJH_N23_1_4_R2.fastq.gz
ZJH_N23_2_2,/bulkpool/sequence_data/mss_data/ZJH_N23_2_2_R1.fastq.gz,/bulkpool/sequence_data/mss_data/ZJH_N23_2_2_R2.fastq.gz
ZJH_N23_2_3,/bulkpool/sequence_data/mss_data/ZJH_N23_2_3_R1.fastq.gz,/bulkpool/sequence_data/mss_data/ZJH_N23_2_3_R2.fastq.gz
ZJH_N23_2_4,/bulkpool/sequence_data/mss_data/ZJH_N23_2_4_R1.fastq.gz,/bulkpool/sequence_data/mss_data/ZJH_N23_2_4_R2.fastq.gz
ZJH_N24_1_2,/bulkpool/sequence_data/mss_data/ZJH_N24_1_2_R1.fastq.gz,/bulkpool/sequence_data/mss_data/ZJH_N24_1_2_R2.fastq.gz
ZJH_N24_1_3,/bulkpool/sequence_data/mss_data/ZJH_N24_1_3_R1.fastq.gz,/bulkpool/sequence_data/mss_data/ZJH_N24_1_3_R2.fastq.gz
ZJH_N24_1_4,/bulkpool/sequence_data/mss_data/ZJH_N24_1_4_R1.fastq.gz,/bulkpool/sequence_data/mss_data/ZJH_N24_1_4_R2.fastq.gz
ZJH_N24_2_2,/bulkpool/sequence_data/mss_data/ZJH_N24_2_2_R1.fastq.gz,/bulkpool/sequence_data/mss_data/ZJH_N24_2_2_R2.fastq.gz
ZJH_N24_2_3,/bulkpool/sequence_data/mss_data/ZJH_N24_2_3_R1.fastq.gz,/bulkpool/sequence_data/mss_data/ZJH_N24_2_3_R2.fastq.gz
ZJH_N24_2_4,/bulkpool/sequence_data/mss_data/ZJH_N24_2_4_R1.fastq.gz,/bulkpool/sequence_data/mss_data/ZJH_N24_2_4_R2.fastq.gz
ZJH_N25_1_2,/bulkpool/sequence_data/mss_data/ZJH_N25_1_2_R1.fastq.gz,/bulkpool/sequence_data/mss_data/ZJH_N25_1_2_R2.fastq.gz
ZJH_N25_1_3,/bulkpool/sequence_data/mss_data/ZJH_N25_1_3_R1.fastq.gz,/bulkpool/sequence_data/mss_data/ZJH_N25_1_3_R2.fastq.gz
ZJH_N25_1_4,/bulkpool/sequence_data/mss_data/ZJH_N25_1_4_R1.fastq.gz,/bulkpool/sequence_data/mss_data/ZJH_N25_1_4_R2.fastq.gz
ZJH_N25_2_2,/bulkpool/sequence_data/mss_data/ZJH_N25_2_2_R1.fastq.gz,/bulkpool/sequence_data/mss_data/ZJH_N25_2_2_R2.fastq.gz
ZJH_N25_2_4,/bulkpool/sequence_data/mss_data/ZJH_N25_2_4_R1.fastq.gz,/bulkpool/sequence_data/mss_data/ZJH_N25_2_4_R2.fastq.gz
ZJH_N26_1_2,/bulkpool/sequence_data/mss_data/ZJH_N26_1_2_R1.fastq.gz,/bulkpool/sequence_data/mss_data/ZJH_N26_1_2_R2.fastq.gz
ZJH_N26_1_4,/bulkpool/sequence_data/mss_data/ZJH_N26_1_4_R1.fastq.gz,/bulkpool/sequence_data/mss_data/ZJH_N26_1_4_R2.fastq.gz
ZJH_N26_2_2,/bulkpool/sequence_data/mss_data/ZJH_N26_2_2_R1.fastq.gz,/bulkpool/sequence_data/mss_data/ZJH_N26_2_2_R2.fastq.gz
ZJH_N26_2_4,/bulkpool/sequence_data/mss_data/ZJH_N26_2_4_R1.fastq.gz,/bulkpool/sequence_data/mss_data/ZJH_N26_2_4_R2.fastq.gz
ZJH_N27_1_4,/bulkpool/sequence_data/mss_data/ZJH_N27_1_4_R1.fastq.gz,/bulkpool/sequence_data/mss_data/ZJH_N27_1_4_R2.fastq.gz
ZJH_N27_2_2,/bulkpool/sequence_data/mss_data/ZJH_N27_2_2_R1.fastq.gz,/bulkpool/sequence_data/mss_data/ZJH_N27_2_2_R2.fastq.gz
ZJH_N27_2_3,/bulkpool/sequence_data/mss_data/ZJH_N27_2_3_R1.fastq.gz,/bulkpool/sequence_data/mss_data/ZJH_N27_2_3_R2.fastq.gz
ZJH_N27_2_4,/bulkpool/sequence_data/mss_data/ZJH_N27_2_4_R1.fastq.gz,/bulkpool/sequence_data/mss_data/ZJH_N27_2_4_R2.fastq.gz
ZJH_N28_1_2,/bulkpool/sequence_data/mss_data/ZJH_N28_1_2_R1.fastq.gz,/bulkpool/sequence_data/mss_data/ZJH_N28_1_2_R2.fastq.gz
ZJH_N28_1_4,/bulkpool/sequence_data/mss_data/ZJH_N28_1_4_R1.fastq.gz,/bulkpool/sequence_data/mss_data/ZJH_N28_1_4_R2.fastq.gz
ZJH_N28_2_2,/bulkpool/sequence_data/mss_data/ZJH_N28_2_2_R1.fastq.gz,/bulkpool/sequence_data/mss_data/ZJH_N28_2_2_R2.fastq.gz
ZJH_N28_2_3,/bulkpool/sequence_data/mss_data/ZJH_N28_2_3_R1.fastq.gz,/bulkpool/sequence_data/mss_data/ZJH_N28_2_3_R2.fastq.gz
ZJH_N28_2_4,/bulkpool/sequence_data/mss_data/ZJH_N28_2_4_R1.fastq.gz,/bulkpool/sequence_data/mss_data/ZJH_N28_2_4_R2.fastq.gz
ZJH_N29_1_2,/bulkpool/sequence_data/mss_data/ZJH_N29_1_2_R1.fastq.gz,/bulkpool/sequence_data/mss_data/ZJH_N29_1_2_R2.fastq.gz
ZJH_N29_1_4,/bulkpool/sequence_data/mss_data/ZJH_N29_1_4_R1.fastq.gz,/bulkpool/sequence_data/mss_data/ZJH_N29_1_4_R2.fastq.gz
ZJH_N30_1_3,/bulkpool/sequence_data/mss_data/ZJH_N30_1_3_R1.fastq.gz,/bulkpool/sequence_data/mss_data/ZJH_N30_1_3_R2.fastq.gz
ZJH_N30_1_4,/bulkpool/sequence_data/mss_data/ZJH_N30_1_4_R1.fastq.gz,/bulkpool/sequence_data/mss_data/ZJH_N30_1_4_R2.fastq.gz
ZJH_N30_2_3,/bulkpool/sequence_data/mss_data/ZJH_N30_2_3_R1.fastq.gz,/bulkpool/sequence_data/mss_data/ZJH_N30_2_3_R2.fastq.gz
ZJH_N30_2_4,/bulkpool/sequence_data/mss_data/ZJH_N30_2_4_R1.fastq.gz,/bulkpool/sequence_data/mss_data/ZJH_N30_2_4_R2.fastq.gz
ZJH_N31_1_2,/bulkpool/sequence_data/mss_data/ZJH_N31_1_2_R1.fastq.gz,/bulkpool/sequence_data/mss_data/ZJH_N31_1_2_R2.fastq.gz
ZJH_N31_1_4,/bulkpool/sequence_data/mss_data/ZJH_N31_1_4_R1.fastq.gz,/bulkpool/sequence_data/mss_data/ZJH_N31_1_4_R2.fastq.gz
ZJH_N31_2_2,/bulkpool/sequence_data/mss_data/ZJH_N31_2_2_R1.fastq.gz,/bulkpool/sequence_data/mss_data/ZJH_N31_2_2_R2.fastq.gz
ZJH_N31_2_3,/bulkpool/sequence_data/mss_data/ZJH_N31_2_3_R1.fastq.gz,/bulkpool/sequence_data/mss_data/ZJH_N31_2_3_R2.fastq.gz
ZJH_N31_2_4,/bulkpool/sequence_data/mss_data/ZJH_N31_2_4_R1.fastq.gz,/bulkpool/sequence_data/mss_data/ZJH_N31_2_4_R2.fastq.gz
ZJH_N32_1_2,/bulkpool/sequence_data/mss_data/ZJH_N32_1_2_R1.fastq.gz,/bulkpool/sequence_data/mss_data/ZJH_N32_1_2_R2.fastq.gz
ZJH_N32_1_4,/bulkpool/sequence_data/mss_data/ZJH_N32_1_4_R1.fastq.gz,/bulkpool/sequence_data/mss_data/ZJH_N32_1_4_R2.fastq.gz
ZJH_N32_2_2,/bulkpool/sequence_data/mss_data/ZJH_N32_2_2_R1.fastq.gz,/bulkpool/sequence_data/mss_data/ZJH_N32_2_2_R2.fastq.gz
ZJH_N32_2_3,/bulkpool/sequence_data/mss_data/ZJH_N32_2_3_R1.fastq.gz,/bulkpool/sequence_data/mss_data/ZJH_N32_2_3_R2.fastq.gz
ZJH_N32_2_4,/bulkpool/sequence_data/mss_data/ZJH_N32_2_4_R1.fastq.gz,/bulkpool/sequence_data/mss_data/ZJH_N32_2_4_R2.fastq.gz
ZJH_N33_1_2,/bulkpool/sequence_data/mss_data/ZJH_N33_1_2_R1.fastq.gz,/bulkpool/sequence_data/mss_data/ZJH_N33_1_2_R2.fastq.gz
ZJH_N33_1_3,/bulkpool/sequence_data/mss_data/ZJH_N33_1_3_R1.fastq.gz,/bulkpool/sequence_data/mss_data/ZJH_N33_1_3_R2.fastq.gz
ZJH_N33_1_4,/bulkpool/sequence_data/mss_data/ZJH_N33_1_4_R1.fastq.gz,/bulkpool/sequence_data/mss_data/ZJH_N33_1_4_R2.fastq.gz
ZJH_N33_2_2,/bulkpool/sequence_data/mss_data/ZJH_N33_2_2_R1.fastq.gz,/bulkpool/sequence_data/mss_data/ZJH_N33_2_2_R2.fastq.gz
ZJH_N33_2_4,/bulkpool/sequence_data/mss_data/ZJH_N33_2_4_R1.fastq.gz,/bulkpool/sequence_data/mss_data/ZJH_N33_2_4_R2.fastq.gz
ZJH_N34_1_2,/bulkpool/sequence_data/mss_data/ZJH_N34_1_2_R1.fastq.gz,/bulkpool/sequence_data/mss_data/ZJH_N34_1_2_R2.fastq.gz
ZJH_N34_1_3,/bulkpool/sequence_data/mss_data/ZJH_N34_1_3_R1.fastq.gz,/bulkpool/sequence_data/mss_data/ZJH_N34_1_3_R2.fastq.gz
ZJH_N34_1_4,/bulkpool/sequence_data/mss_data/ZJH_N34_1_4_R1.fastq.gz,/bulkpool/sequence_data/mss_data/ZJH_N34_1_4_R2.fastq.gz
ZJH_N35_1_2,/bulkpool/sequence_data/mss_data/ZJH_N35_1_2_R1.fastq.gz,/bulkpool/sequence_data/mss_data/ZJH_N35_1_2_R2.fastq.gz
ZJH_N35_1_4,/bulkpool/sequence_data/mss_data/ZJH_N35_1_4_R1.fastq.gz,/bulkpool/sequence_data/mss_data/ZJH_N35_1_4_R2.fastq.gz
ZJH_N36_1_2,/bulkpool/sequence_data/mss_data/ZJH_N36_1_2_R1.fastq.gz,/bulkpool/sequence_data/mss_data/ZJH_N36_1_2_R2.fastq.gz
ZJH_N36_1_3,/bulkpool/sequence_data/mss_data/ZJH_N36_1_3_R1.fastq.gz,/bulkpool/sequence_data/mss_data/ZJH_N36_1_3_R2.fastq.gz
ZJH_N36_1_4,/bulkpool/sequence_data/mss_data/ZJH_N36_1_4_R1.fastq.gz,/bulkpool/sequence_data/mss_data/ZJH_N36_1_4_R2.fastq.gz
ZJH_N36_2_2,/bulkpool/sequence_data/mss_data/ZJH_N36_2_2_R1.fastq.gz,/bulkpool/sequence_data/mss_data/ZJH_N36_2_2_R2.fastq.gz
ZJH_N36_2_3,/bulkpool/sequence_data/mss_data/ZJH_N36_2_3_R1.fastq.gz,/bulkpool/sequence_data/mss_data/ZJH_N36_2_3_R2.fastq.gz
ZJH_N36_2_4,/bulkpool/sequence_data/mss_data/ZJH_N36_2_4_R1.fastq.gz,/bulkpool/sequence_data/mss_data/ZJH_N36_2_4_R2.fastq.gz
ZJH_N37_1_2,/bulkpool/sequence_data/mss_data/ZJH_N37_1_2_R1.fastq.gz,/bulkpool/sequence_data/mss_data/ZJH_N37_1_2_R2.fastq.gz
ZJH_N37_1_3,/bulkpool/sequence_data/mss_data/ZJH_N37_1_3_R1.fastq.gz,/bulkpool/sequence_data/mss_data/ZJH_N37_1_3_R2.fastq.gz
ZJH_N38_1_2,/bulkpool/sequence_data/mss_data/ZJH_N38_1_2_R1.fastq.gz,/bulkpool/sequence_data/mss_data/ZJH_N38_1_2_R2.fastq.gz
ZJH_N38_1_3,/bulkpool/sequence_data/mss_data/ZJH_N38_1_3_R1.fastq.gz,/bulkpool/sequence_data/mss_data/ZJH_N38_1_3_R2.fastq.gz
ZJH_N38_1_4,/bulkpool/sequence_data/mss_data/ZJH_N38_1_4_R1.fastq.gz,/bulkpool/sequence_data/mss_data/ZJH_N38_1_4_R2.fastq.gz
ZJH_N39_1_4,/bulkpool/sequence_data/mss_data/ZJH_N39_1_4_R1.fastq.gz,/bulkpool/sequence_data/mss_data/ZJH_N39_1_4_R2.fastq.gz
ZJH_N39_2_2,/bulkpool/sequence_data/mss_data/ZJH_N39_2_2_R1.fastq.gz,/bulkpool/sequence_data/mss_data/ZJH_N39_2_2_R2.fastq.gz
ZJH_N39_2_3,/bulkpool/sequence_data/mss_data/ZJH_N39_2_3_R1.fastq.gz,/bulkpool/sequence_data/mss_data/ZJH_N39_2_3_R2.fastq.gz
ZJH_N39_2_4,/bulkpool/sequence_data/mss_data/ZJH_N39_2_4_R1.fastq.gz,/bulkpool/sequence_data/mss_data/ZJH_N39_2_4_R2.fastq.gz
ZJH_N40_1_2,/bulkpool/sequence_data/mss_data/ZJH_N40_1_2_R1.fastq.gz,/bulkpool/sequence_data/mss_data/ZJH_N40_1_2_R2.fastq.gz
ZJH_N40_1_4,/bulkpool/sequence_data/mss_data/ZJH_N40_1_4_R1.fastq.gz,/bulkpool/sequence_data/mss_data/ZJH_N40_1_4_R2.fastq.gz
ZJH_N41_1_2,/bulkpool/sequence_data/mss_data/ZJH_N41_1_2_R1.fastq.gz,/bulkpool/sequence_data/mss_data/ZJH_N41_1_2_R2.fastq.gz
ZJH_N41_1_3,/bulkpool/sequence_data/mss_data/ZJH_N41_1_3_R1.fastq.gz,/bulkpool/sequence_data/mss_data/ZJH_N41_1_3_R2.fastq.gz
ZJH_N41_1_4,/bulkpool/sequence_data/mss_data/ZJH_N41_1_4_R1.fastq.gz,/bulkpool/sequence_data/mss_data/ZJH_N41_1_4_R2.fastq.gz
ZJH_N42_1_3,/bulkpool/sequence_data/mss_data/ZJH_N42_1_3_R1.fastq.gz,/bulkpool/sequence_data/mss_data/ZJH_N42_1_3_R2.fastq.gz
ZJH_N42_1_4,/bulkpool/sequence_data/mss_data/ZJH_N42_1_4_R1.fastq.gz,/bulkpool/sequence_data/mss_data/ZJH_N42_1_4_R2.fastq.gz
ZJH_N42_2_2,/bulkpool/sequence_data/mss_data/ZJH_N42_2_2_R1.fastq.gz,/bulkpool/sequence_data/mss_data/ZJH_N42_2_2_R2.fastq.gz
ZJH_N42_2_3,/bulkpool/sequence_data/mss_data/ZJH_N42_2_3_R1.fastq.gz,/bulkpool/sequence_data/mss_data/ZJH_N42_2_3_R2.fastq.gz
ZJH_N42_2_4,/bulkpool/sequence_data/mss_data/ZJH_N42_2_4_R1.fastq.gz,/bulkpool/sequence_data/mss_data/ZJH_N42_2_4_R2.fastq.gz
ZJH_N43_1_2,/bulkpool/sequence_data/mss_data/ZJH_N43_1_2_R1.fastq.gz,/bulkpool/sequence_data/mss_data/ZJH_N43_1_2_R2.fastq.gz
ZJH_N43_1_3,/bulkpool/sequence_data/mss_data/ZJH_N43_1_3_R1.fastq.gz,/bulkpool/sequence_data/mss_data/ZJH_N43_1_3_R2.fastq.gz
ZJH_N43_1_4,/bulkpool/sequence_data/mss_data/ZJH_N43_1_4_R1.fastq.gz,/bulkpool/sequence_data/mss_data/ZJH_N43_1_4_R2.fastq.gz
ZJH_N43_2_2,/bulkpool/sequence_data/mss_data/ZJH_N43_2_2_R1.fastq.gz,/bulkpool/sequence_data/mss_data/ZJH_N43_2_2_R2.fastq.gz
ZJH_N43_2_3,/bulkpool/sequence_data/mss_data/ZJH_N43_2_3_R1.fastq.gz,/bulkpool/sequence_data/mss_data/ZJH_N43_2_3_R2.fastq.gz
ZJH_N43_2_4,/bulkpool/sequence_data/mss_data/ZJH_N43_2_4_R1.fastq.gz,/bulkpool/sequence_data/mss_data/ZJH_N43_2_4_R2.fastq.gz
ZJH_N44_1_2,/bulkpool/sequence_data/mss_data/ZJH_N44_1_2_R1.fastq.gz,/bulkpool/sequence_data/mss_data/ZJH_N44_1_2_R2.fastq.gz
ZJH_N44_1_3,/bulkpool/sequence_data/mss_data/ZJH_N44_1_3_R1.fastq.gz,/bulkpool/sequence_data/mss_data/ZJH_N44_1_3_R2.fastq.gz
ZJH_N44_1_4,/bulkpool/sequence_data/mss_data/ZJH_N44_1_4_R1.fastq.gz,/bulkpool/sequence_data/mss_data/ZJH_N44_1_4_R2.fastq.gz
ZJH_N45_1_2,/bulkpool/sequence_data/mss_data/ZJH_N45_1_2_R1.fastq.gz,/bulkpool/sequence_data/mss_data/ZJH_N45_1_2_R2.fastq.gz
ZJH_N45_1_3,/bulkpool/sequence_data/mss_data/ZJH_N45_1_3_R1.fastq.gz,/bulkpool/sequence_data/mss_data/ZJH_N45_1_3_R2.fastq.gz
ZJH_N45_1_4,/bulkpool/sequence_data/mss_data/ZJH_N45_1_4_R1.fastq.gz,/bulkpool/sequence_data/mss_data/ZJH_N45_1_4_R2.fastq.gz
ZJH_N45_2_2,/bulkpool/sequence_data/mss_data/ZJH_N45_2_2_R1.fastq.gz,/bulkpool/sequence_data/mss_data/ZJH_N45_2_2_R2.fastq.gz
ZJH_N45_2_3,/bulkpool/sequence_data/mss_data/ZJH_N45_2_3_R1.fastq.gz,/bulkpool/sequence_data/mss_data/ZJH_N45_2_3_R2.fastq.gz
ZJH_N45_2_4,/bulkpool/sequence_data/mss_data/ZJH_N45_2_4_R1.fastq.gz,/bulkpool/sequence_data/mss_data/ZJH_N45_2_4_R2.fastq.gz
ZJH_N46_1_2,/bulkpool/sequence_data/mss_data/ZJH_N46_1_2_R1.fastq.gz,/bulkpool/sequence_data/mss_data/ZJH_N46_1_2_R2.fastq.gz
ZJH_N46_1_4,/bulkpool/sequence_data/mss_data/ZJH_N46_1_4_R1.fastq.gz,/bulkpool/sequence_data/mss_data/ZJH_N46_1_4_R2.fastq.gz
ZJH_N46_2_2,/bulkpool/sequence_data/mss_data/ZJH_N46_2_2_R1.fastq.gz,/bulkpool/sequence_data/mss_data/ZJH_N46_2_2_R2.fastq.gz
ZJH_N46_2_3,/bulkpool/sequence_data/mss_data/ZJH_N46_2_3_R1.fastq.gz,/bulkpool/sequence_data/mss_data/ZJH_N46_2_3_R2.fastq.gz
ZJH_N46_2_4,/bulkpool/sequence_data/mss_data/ZJH_N46_2_4_R1.fastq.gz,/bulkpool/sequence_data/mss_data/ZJH_N46_2_4_R2.fastq.gz
ZJH_N47_1_2,/bulkpool/sequence_data/mss_data/ZJH_N47_1_2_R1.fastq.gz,/bulkpool/sequence_data/mss_data/ZJH_N47_1_2_R2.fastq.gz
ZJH_N47_1_3,/bulkpool/sequence_data/mss_data/ZJH_N47_1_3_R1.fastq.gz,/bulkpool/sequence_data/mss_data/ZJH_N47_1_3_R2.fastq.gz
ZJH_N47_1_4,/bulkpool/sequence_data/mss_data/ZJH_N47_1_4_R1.fastq.gz,/bulkpool/sequence_data/mss_data/ZJH_N47_1_4_R2.fastq.gz
ZJH_N47_2_2,/bulkpool/sequence_data/mss_data/ZJH_N47_2_2_R1.fastq.gz,/bulkpool/sequence_data/mss_data/ZJH_N47_2_2_R2.fastq.gz
ZJH_N47_2_3,/bulkpool/sequence_data/mss_data/ZJH_N47_2_3_R1.fastq.gz,/bulkpool/sequence_data/mss_data/ZJH_N47_2_3_R2.fastq.gz
ZJH_N47_2_4,/bulkpool/sequence_data/mss_data/ZJH_N47_2_4_R1.fastq.gz,/bulkpool/sequence_data/mss_data/ZJH_N47_2_4_R2.fastq.gz
ZJH_N48_1_3,/bulkpool/sequence_data/mss_data/ZJH_N48_1_3_R1.fastq.gz,/bulkpool/sequence_data/mss_data/ZJH_N48_1_3_R2.fastq.gz
ZJH_N48_1_4,/bulkpool/sequence_data/mss_data/ZJH_N48_1_4_R1.fastq.gz,/bulkpool/sequence_data/mss_data/ZJH_N48_1_4_R2.fastq.gz
ZJH_N48_2_2,/bulkpool/sequence_data/mss_data/ZJH_N48_2_2_R1.fastq.gz,/bulkpool/sequence_data/mss_data/ZJH_N48_2_2_R2.fastq.gz
ZJH_N48_2_4,/bulkpool/sequence_data/mss_data/ZJH_N48_2_4_R1.fastq.gz,/bulkpool/sequence_data/mss_data/ZJH_N48_2_4_R2.fastq.gz
ZJH_N49_1_2,/bulkpool/sequence_data/mss_data/ZJH_N49_1_2_R1.fastq.gz,/bulkpool/sequence_data/mss_data/ZJH_N49_1_2_R2.fastq.gz
ZJH_N49_1_3,/bulkpool/sequence_data/mss_data/ZJH_N49_1_3_R1.fastq.gz,/bulkpool/sequence_data/mss_data/ZJH_N49_1_3_R2.fastq.gz
ZJH_N49_1_4,/bulkpool/sequence_data/mss_data/ZJH_N49_1_4_R1.fastq.gz,/bulkpool/sequence_data/mss_data/ZJH_N49_1_4_R2.fastq.gz
ZJH_N49_2_2,/bulkpool/sequence_data/mss_data/ZJH_N49_2_2_R1.fastq.gz,/bulkpool/sequence_data/mss_data/ZJH_N49_2_2_R2.fastq.gz
ZJH_N49_2_4,/bulkpool/sequence_data/mss_data/ZJH_N49_2_4_R1.fastq.gz,/bulkpool/sequence_data/mss_data/ZJH_N49_2_4_R2.fastq.gz
ZJH_N50_1_2,/bulkpool/sequence_data/mss_data/ZJH_N50_1_2_R1.fastq.gz,/bulkpool/sequence_data/mss_data/ZJH_N50_1_2_R2.fastq.gz
ZJH_N50_1_3,/bulkpool/sequence_data/mss_data/ZJH_N50_1_3_R1.fastq.gz,/bulkpool/sequence_data/mss_data/ZJH_N50_1_3_R2.fastq.gz
ZJH_N50_1_4,/bulkpool/sequence_data/mss_data/ZJH_N50_1_4_R1.fastq.gz,/bulkpool/sequence_data/mss_data/ZJH_N50_1_4_R2.fastq.gz
ZJH_N50_2_2,/bulkpool/sequence_data/mss_data/ZJH_N50_2_2_R1.fastq.gz,/bulkpool/sequence_data/mss_data/ZJH_N50_2_2_R2.fastq.gz
ZJH_N50_2_3,/bulkpool/sequence_data/mss_data/ZJH_N50_2_3_R1.fastq.gz,/bulkpool/sequence_data/mss_data/ZJH_N50_2_3_R2.fastq.gz
ZJH_N50_2_4,/bulkpool/sequence_data/mss_data/ZJH_N50_2_4_R1.fastq.gz,/bulkpool/sequence_data/mss_data/ZJH_N50_2_4_R2.fastq.gz
ZJH_N51_1_2,/bulkpool/sequence_data/mss_data/ZJH_N51_1_2_R1.fastq.gz,/bulkpool/sequence_data/mss_data/ZJH_N51_1_2_R2.fastq.gz
ZJH_N51_1_3,/bulkpool/sequence_data/mss_data/ZJH_N51_1_3_R1.fastq.gz,/bulkpool/sequence_data/mss_data/ZJH_N51_1_3_R2.fastq.gz
ZJH_N51_1_4,/bulkpool/sequence_data/mss_data/ZJH_N51_1_4_R1.fastq.gz,/bulkpool/sequence_data/mss_data/ZJH_N51_1_4_R2.fastq.gz
ZJH_N51_2_3,/bulkpool/sequence_data/mss_data/ZJH_N51_2_3_R1.fastq.gz,/bulkpool/sequence_data/mss_data/ZJH_N51_2_3_R2.fastq.gz
ZJH_N51_2_4,/bulkpool/sequence_data/mss_data/ZJH_N51_2_4_R1.fastq.gz,/bulkpool/sequence_data/mss_data/ZJH_N51_2_4_R2.fastq.gz
ZJH_N52_1_2,/bulkpool/sequence_data/mss_data/ZJH_N52_1_2_R1.fastq.gz,/bulkpool/sequence_data/mss_data/ZJH_N52_1_2_R2.fastq.gz
ZJH_N52_1_3,/bulkpool/sequence_data/mss_data/ZJH_N52_1_3_R1.fastq.gz,/bulkpool/sequence_data/mss_data/ZJH_N52_1_3_R2.fastq.gz
ZJH_N52_1_4,/bulkpool/sequence_data/mss_data/ZJH_N52_1_4_R1.fastq.gz,/bulkpool/sequence_data/mss_data/ZJH_N52_1_4_R2.fastq.gz
ZJH_N52_2_2,/bulkpool/sequence_data/mss_data/ZJH_N52_2_2_R1.fastq.gz,/bulkpool/sequence_data/mss_data/ZJH_N52_2_2_R2.fastq.gz
ZJH_N52_2_3,/bulkpool/sequence_data/mss_data/ZJH_N52_2_3_R1.fastq.gz,/bulkpool/sequence_data/mss_data/ZJH_N52_2_3_R2.fastq.gz
ZJH_N52_2_4,/bulkpool/sequence_data/mss_data/ZJH_N52_2_4_R1.fastq.gz,/bulkpool/sequence_data/mss_data/ZJH_N52_2_4_R2.fastq.gz
ZJH_N53_1_4,/bulkpool/sequence_data/mss_data/ZJH_N53_1_4_R1.fastq.gz,/bulkpool/sequence_data/mss_data/ZJH_N53_1_4_R2.fastq.gz
ZJH_N53_2_2,/bulkpool/sequence_data/mss_data/ZJH_N53_2_2_R1.fastq.gz,/bulkpool/sequence_data/mss_data/ZJH_N53_2_2_R2.fastq.gz
ZJH_N53_2_3,/bulkpool/sequence_data/mss_data/ZJH_N53_2_3_R1.fastq.gz,/bulkpool/sequence_data/mss_data/ZJH_N53_2_3_R2.fastq.gz
ZJH_N53_2_4,/bulkpool/sequence_data/mss_data/ZJH_N53_2_4_R1.fastq.gz,/bulkpool/sequence_data/mss_data/ZJH_N53_2_4_R2.fastq.gz
ZJH_N54_1_2,/bulkpool/sequence_data/mss_data/ZJH_N54_1_2_R1.fastq.gz,/bulkpool/sequence_data/mss_data/ZJH_N54_1_2_R2.fastq.gz
ZJH_N54_1_3,/bulkpool/sequence_data/mss_data/ZJH_N54_1_3_R1.fastq.gz,/bulkpool/sequence_data/mss_data/ZJH_N54_1_3_R2.fastq.gz
ZJH_N54_1_4,/bulkpool/sequence_data/mss_data/ZJH_N54_1_4_R1.fastq.gz,/bulkpool/sequence_data/mss_data/ZJH_N54_1_4_R2.fastq.gz
ZJH_N54_2_2,/bulkpool/sequence_data/mss_data/ZJH_N54_2_2_R1.fastq.gz,/bulkpool/sequence_data/mss_data/ZJH_N54_2_2_R2.fastq.gz
ZJH_N54_2_3,/bulkpool/sequence_data/mss_data/ZJH_N54_2_3_R1.fastq.gz,/bulkpool/sequence_data/mss_data/ZJH_N54_2_3_R2.fastq.gz
ZJH_N54_2_4,/bulkpool/sequence_data/mss_data/ZJH_N54_2_4_R1.fastq.gz,/bulkpool/sequence_data/mss_data/ZJH_N54_2_4_R2.fastq.gz
ZJH_N55_1_2,/bulkpool/sequence_data/mss_data/ZJH_N55_1_2_R1.fastq.gz,/bulkpool/sequence_data/mss_data/ZJH_N55_1_2_R2.fastq.gz
ZJH_N55_1_3,/bulkpool/sequence_data/mss_data/ZJH_N55_1_3_R1.fastq.gz,/bulkpool/sequence_data/mss_data/ZJH_N55_1_3_R2.fastq.gz
ZJH_N55_1_4,/bulkpool/sequence_data/mss_data/ZJH_N55_1_4_R1.fastq.gz,/bulkpool/sequence_data/mss_data/ZJH_N55_1_4_R2.fastq.gz
ZJH_N55_2_2,/bulkpool/sequence_data/mss_data/ZJH_N55_2_2_R1.fastq.gz,/bulkpool/sequence_data/mss_data/ZJH_N55_2_2_R2.fastq.gz
ZJH_N55_2_3,/bulkpool/sequence_data/mss_data/ZJH_N55_2_3_R1.fastq.gz,/bulkpool/sequence_data/mss_data/ZJH_N55_2_3_R2.fastq.gz
ZJH_N55_2_4,/bulkpool/sequence_data/mss_data/ZJH_N55_2_4_R1.fastq.gz,/bulkpool/sequence_data/mss_data/ZJH_N55_2_4_R2.fastq.gz
ZJH_N56_1_2,/bulkpool/sequence_data/mss_data/ZJH_N56_1_2_R1.fastq.gz,/bulkpool/sequence_data/mss_data/ZJH_N56_1_2_R2.fastq.gz
ZJH_N56_1_3,/bulkpool/sequence_data/mss_data/ZJH_N56_1_3_R1.fastq.gz,/bulkpool/sequence_data/mss_data/ZJH_N56_1_3_R2.fastq.gz
ZJH_N56_1_4,/bulkpool/sequence_data/mss_data/ZJH_N56_1_4_R1.fastq.gz,/bulkpool/sequence_data/mss_data/ZJH_N56_1_4_R2.fastq.gz
ZJH_N56_2_2,/bulkpool/sequence_data/mss_data/ZJH_N56_2_2_R1.fastq.gz,/bulkpool/sequence_data/mss_data/ZJH_N56_2_2_R2.fastq.gz
ZJH_N56_2_3,/bulkpool/sequence_data/mss_data/ZJH_N56_2_3_R1.fastq.gz,/bulkpool/sequence_data/mss_data/ZJH_N56_2_3_R2.fastq.gz
ZJH_N56_2_4,/bulkpool/sequence_data/mss_data/ZJH_N56_2_4_R1.fastq.gz,/bulkpool/sequence_data/mss_data/ZJH_N56_2_4_R2.fastq.gz
ZJH_N57_1_2,/bulkpool/sequence_data/mss_data/ZJH_N57_1_2_R1.fastq.gz,/bulkpool/sequence_data/mss_data/ZJH_N57_1_2_R2.fastq.gz
ZJH_N57_1_3,/bulkpool/sequence_data/mss_data/ZJH_N57_1_3_R1.fastq.gz,/bulkpool/sequence_data/mss_data/ZJH_N57_1_3_R2.fastq.gz
ZJH_N57_1_4,/bulkpool/sequence_data/mss_data/ZJH_N57_1_4_R1.fastq.gz,/bulkpool/sequence_data/mss_data/ZJH_N57_1_4_R2.fastq.gz
ZJH_N58_1_2,/bulkpool/sequence_data/mss_data/ZJH_N58_1_2_R1.fastq.gz,/bulkpool/sequence_data/mss_data/ZJH_N58_1_2_R2.fastq.gz
ZJH_N58_1_3,/bulkpool/sequence_data/mss_data/ZJH_N58_1_3_R1.fastq.gz,/bulkpool/sequence_data/mss_data/ZJH_N58_1_3_R2.fastq.gz
ZJH_N58_1_4,/bulkpool/sequence_data/mss_data/ZJH_N58_1_4_R1.fastq.gz,/bulkpool/sequence_data/mss_data/ZJH_N58_1_4_R2.fastq.gz
ZJH_N58_2_2,/bulkpool/sequence_data/mss_data/ZJH_N58_2_2_R1.fastq.gz,/bulkpool/sequence_data/mss_data/ZJH_N58_2_2_R2.fastq.gz
ZJH_N58_2_3,/bulkpool/sequence_data/mss_data/ZJH_N58_2_3_R1.fastq.gz,/bulkpool/sequence_data/mss_data/ZJH_N58_2_3_R2.fastq.gz
ZJH_N58_2_4,/bulkpool/sequence_data/mss_data/ZJH_N58_2_4_R1.fastq.gz,/bulkpool/sequence_data/mss_data/ZJH_N58_2_4_R2.fastq.gz
ZJH_N59_1_2,/bulkpool/sequence_data/mss_data/ZJH_N59_1_2_R1.fastq.gz,/bulkpool/sequence_data/mss_data/ZJH_N59_1_2_R2.fastq.gz
ZJH_N59_1_3,/bulkpool/sequence_data/mss_data/ZJH_N59_1_3_R1.fastq.gz,/bulkpool/sequence_data/mss_data/ZJH_N59_1_3_R2.fastq.gz
ZJH_N59_1_4,/bulkpool/sequence_data/mss_data/ZJH_N59_1_4_R1.fastq.gz,/bulkpool/sequence_data/mss_data/ZJH_N59_1_4_R2.fastq.gz
ZJH_N59_2_3,/bulkpool/sequence_data/mss_data/ZJH_N59_2_3_R1.fastq.gz,/bulkpool/sequence_data/mss_data/ZJH_N59_2_3_R2.fastq.gz
ZJH_N59_2_4,/bulkpool/sequence_data/mss_data/ZJH_N59_2_4_R1.fastq.gz,/bulkpool/sequence_data/mss_data/ZJH_N59_2_4_R2.fastq.gz
