effect_label	megares_class	coef	pvalue	fdr
Groin (vs Axilla)	MLS	-1.0322303074667523	3.1412432408466746e-23	7.224859453947352e-22
Groin (vs Axilla)	Aminoglycosides	-0.7685611202311109	7.95699326976605e-19	9.150542260230958e-18
Groin (vs Axilla)	Phenolic compound resistance	0.4256436308988796	4.072676915313863e-17	3.1223856350739617e-16
Groin (vs Axilla)	Drug and biocide and metal resistance	0.5246626559565799	4.3902312185428403e-16	2.5243829506621332e-15
Groin (vs Axilla)	Fusidic acid	-0.4722005006829837	2.469355937641478e-12	9.555623471667209e-12
Groin (vs Axilla)	Drug and metal resistance	0.3295408397971628	2.4927713404349237e-12	9.555623471667209e-12
Groin (vs Axilla)	Elfamycins	0.4436926432949771	4.082658617393136e-12	1.341444974286316e-11
Groin (vs Axilla)	Drug and biocide resistance	0.6268654274104968	7.629382142613914e-12	2.1934473660015003e-11
Groin (vs Axilla)	Mupirocin	-0.5140653588473681	1.0076250882178295e-11	2.5750418921122307e-11
Groin (vs Axilla)	Oxazolidinone	-0.2744604765763725	1.794752066636758e-10	4.127929753264543e-10
Groin (vs Axilla)	Chromium resistance	0.18861245410004812	1.0491910076761837e-07	2.1937630160502023e-07
Groin (vs Axilla)	Glycopeptides	-0.22566258330430838	1.9579236453193145e-06	3.7526869868620196e-06
Groin (vs Axilla)	Tetracyclines	-0.4178585807151135	3.7258391363513785e-06	6.591869241237055e-06
Groin (vs Axilla)	Cationic antimicrobial peptides	0.12101788587107762	1.3919914246783603e-05	2.2868430548287345e-05
Groin (vs Axilla)	Sulfonamides	0.27179302810249173	0.0005224551883436076	0.0008010979554601983
Groin (vs Axilla)	Lipopeptides	-0.26603636450874485	0.0006475692360051124	0.0009308807767573491
Groin (vs Axilla)	betalactams	-0.3286924687975736	0.0008059997637868765	0.001090470268652833
Groin (vs Axilla)	Trimethoprim	-0.12654944310241287	0.041362742594815115	0.05285239331559709
Groin (vs Axilla)	Phenicol	-0.11008649550954815	0.06662497984471819	0.08065129139097464
Groin (vs Axilla)	Multi-drug resistance	-0.14506983735013007	0.11664182109181512	0.1341380942555874
Stool (vs Axilla)	Phenolic compound resistance	0.7747418640826004	3.0780776055598593e-53	6.882144270555259e-52
Stool (vs Axilla)	Drug and biocide and metal resistance	0.9856284448665502	5.984473278743703e-53	6.882144270555259e-52
Stool (vs Axilla)	Elfamycins	0.9414447023672391	2.4999230584966144e-49	1.9166076781807378e-48
Stool (vs Axilla)	Drug and biocide resistance	1.2994183716042147	5.610376546058385e-46	3.2259665139835715e-45
Stool (vs Axilla)	Drug and metal resistance	0.5939665681432069	9.430592788465695e-37	4.3380726826942196e-36
Stool (vs Axilla)	MLS	-1.0822838625688256	1.5133058892240206e-25	5.801005908692079e-25
Stool (vs Axilla)	Chromium resistance	0.3671867710285783	3.0325904024715795e-25	9.964225608120904e-25
Stool (vs Axilla)	Fluoroquinolones	0.7107566822353414	2.213119593542247e-16	6.36271883143396e-16
Stool (vs Axilla)	Fosfomycin	0.5984621076646988	2.738629664532916e-16	6.998720253806341e-16
Stool (vs Axilla)	Sulfonamides	0.5430689728254995	3.566275153833805e-12	8.202432853817752e-12
Stool (vs Axilla)	Cationic antimicrobial peptides	0.18302969988350384	4.429655818275891e-11	9.262007620031408e-11
Stool (vs Axilla)	Aminocoumarins	0.42543981122172825	1.216761252516994e-10	2.332125733990905e-10
Stool (vs Axilla)	Mupirocin	-0.4707593577262871	4.0120771276754123e-10	7.098290302810346e-10
Stool (vs Axilla)	Multi-drug resistance	0.5466895261329502	2.9234192005656943e-09	4.802760115215069e-09
Stool (vs Axilla)	Fusidic acid	-0.36219886076797053	6.940237985083877e-08	1.0641698243795278e-07
Stool (vs Axilla)	Aminoglycosides	-0.4594206589348851	1.0637969968102703e-07	1.5292081829147637e-07
Stool (vs Axilla)	Oxazolidinone	-0.2247605017258881	1.5981587208947642e-07	2.162214740034093e-07
Stool (vs Axilla)	Lipopeptides	0.31291918744094555	5.596439756012442e-05	7.151006354904786e-05
Stool (vs Axilla)	betalactams	0.27255619752889615	0.005300703593117394	0.006416641191668424
Stool (vs Axilla)	Tetracyclines	0.2452815652626299	0.00643770943846529	0.007403365854235084
Postnatal Week 3 (vs Week 1)	Drug and biocide and metal resistance	0.5689178002684223	3.907816393553888e-26	8.987977705173942e-25
Postnatal Week 3 (vs Week 1)	Drug and biocide resistance	0.7653762967055697	1.3145605249142114e-23	1.5117446036513432e-22
Postnatal Week 3 (vs Week 1)	Elfamycins	0.5282260009898392	3.1664630399817615e-23	2.4276216639860173e-22
Postnatal Week 3 (vs Week 1)	Multi-drug resistance	0.7391622348657784	4.684168215618809e-22	2.693396723980815e-21
Postnatal Week 3 (vs Week 1)	Drug and metal resistance	0.37760349113445946	5.964625581764165e-22	2.7437277676115158e-21
Postnatal Week 3 (vs Week 1)	Tetracyclines	0.7130784798637159	2.3162247481969362e-21	8.878861534754923e-21
Postnatal Week 3 (vs Week 1)	Phenolic compound resistance	0.39695499209669965	4.436202977566555e-21	1.457609549771868e-20
Postnatal Week 3 (vs Week 1)	Fluoroquinolones	0.6715573722683588	1.1125889809046533e-20	3.198693320100878e-20
Postnatal Week 3 (vs Week 1)	Aminoglycosides	0.5767959063851464	9.99914630348302e-16	2.555337388667883e-15
Postnatal Week 3 (vs Week 1)	Sulfonamides	0.5106400750325732	4.7117909515326856e-15	1.0837119188525178e-14
Postnatal Week 3 (vs Week 1)	Fosfomycin	0.467754525284781	1.7479155344387224e-14	3.6547324810991466e-14
Postnatal Week 3 (vs Week 1)	betalactams	0.6176283882117926	3.050066291267645e-14	5.84596039159632e-14
Postnatal Week 3 (vs Week 1)	Aminocoumarins	0.36879737633960313	2.03617963480251e-11	3.6024716615736715e-11
Postnatal Week 3 (vs Week 1)	Lipopeptides	0.41618759624302365	1.0052956492791563e-10	1.651557138101471e-10
Postnatal Week 3 (vs Week 1)	Chromium resistance	0.17165677742477167	6.24898972325371e-09	9.581784242322355e-09
Postnatal Week 3 (vs Week 1)	Cationic antimicrobial peptides	0.12474068679587591	7.82025932211699e-08	1.1241622775543174e-07
Postnatal Week 3 (vs Week 1)	Phenicol	0.2204788538286406	1.0187460657093289e-05	1.3783035006655627e-05
Postnatal Week 3 (vs Week 1)	MLS	0.3158502809598862	0.00023188853113152288	0.00029630201200139036
Postnatal Week 3 (vs Week 1)	Oxazolidinone	-0.08426650825176953	0.017864671371753064	0.02162565481843792
Postnatal Week 3 (vs Week 1)	Trimethoprim	0.06929871687520199	0.17959456481798242	0.2065337495406798
Low infant abx (vs None)	Tetracyclines	-0.500087869914729	0.0010543426668466298	0.015557650678806385
Low infant abx (vs None)	Fusidic acid	-0.30034658686669974	0.0013528391894614248	0.015557650678806385
Low infant abx (vs None)	Lipopeptides	-0.3125016958539233	0.002411458148234383	0.01848784580313027
Low infant abx (vs None)	Glycopeptides	-0.2102514367762369	0.012308110836413588	0.07077163730937813
Low infant abx (vs None)	Oxazolidinone	-0.14159825237245977	0.017031052900897282	0.0783428433441275
Low infant abx (vs None)	Elfamycins	-0.21378946491483902	0.04372247882577573	0.16760283549880697
Low infant abx (vs None)	Aminocoumarins	-0.1920914035248086	0.0577919187177068	0.18893793424192348
Low infant abx (vs None)	Multi-drug resistance	-0.24594414763654202	0.06962269605712157	0.18893793424192348
Low infant abx (vs None)	Fosfomycin	-0.2128412414610125	0.07804890152673104	0.18893793424192348
Low infant abx (vs None)	Fluoroquinolones	-0.2263683232782924	0.08214692793127108	0.18893793424192348
Low infant abx (vs None)	Mupirocin	-0.17257197545797237	0.09799251357517445	0.20489343747536476
Low infant abx (vs None)	Chromium resistance	0.09737022327972032	0.1170984668644017	0.22443872815676993
Low infant abx (vs None)	Drug and biocide resistance	-0.2385479810990676	0.16610224711948074	0.29387320644215825
Low infant abx (vs None)	betalactams	-0.16290555558520328	0.26195674042492545	0.43035750212666324
Low infant abx (vs None)	MLS	-0.13852779737915477	0.30062171230478696	0.4609532922006733
Low infant abx (vs None)	Aminoglycosides	-0.12360286055742756	0.328000528731238	0.4715007600511546
Low infant abx (vs None)	Phenicol	0.08607555741749878	0.4035651035010722	0.5459998459132154
Low infant abx (vs None)	Cationic antimicrobial peptides	0.03897579318051375	0.4401551747054224	0.5624205010124842
Low infant abx (vs None)	Sulfonamides	0.08325872200400673	0.5265098718552201	0.6373540554036875
Low infant abx (vs None)	Trimethoprim	-0.056539431129706774	0.5943986534429775	0.6763219420845634
High infant abx (vs None)	Fusidic acid	-0.4906409884866265	2.3326822921871435e-08	5.365169272030431e-07
High infant abx (vs None)	Lipopeptides	-0.521488698788604	7.045280924252336e-08	8.102073062890187e-07
High infant abx (vs None)	Oxazolidinone	-0.25309687522618424	5.358337325838144e-06	4.1080586164759105e-05
High infant abx (vs None)	Tetracyclines	-0.6212092999610946	1.138204997241284e-05	6.268234944448388e-05
High infant abx (vs None)	Mupirocin	-0.4252451424837249	1.3626597705322583e-05	6.268234944448388e-05
High infant abx (vs None)	Aminocoumarins	-0.3682120351182766	9.632385776437581e-05	0.00036924145476344063
High infant abx (vs None)	MLS	-0.4864255365327131	0.0001128764409772146	0.0003708797346394194
High infant abx (vs None)	Fosfomycin	-0.387294886207242	0.0005567560392922944	0.0016006736129653464
High infant abx (vs None)	Glycopeptides	-0.25661193323603	0.0009371396600776798	0.0023949124646429594
High infant abx (vs None)	Fluoroquinolones	-0.351208197335981	0.0038356677575477147	0.008822035842359743
High infant abx (vs None)	Multi-drug resistance	-0.3520787209705421	0.005401924210069616	0.011077093297938899
High infant abx (vs None)	Trimethoprim	-0.2710731113043067	0.0057793530250116	0.011077093297938899
High infant abx (vs None)	betalactams	-0.33224290792574107	0.014364178186553188	0.025413546022363336
High infant abx (vs None)	Phenicol	0.20319507881571358	0.03474154621979864	0.05707539736109777
High infant abx (vs None)	Drug and biocide resistance	-0.2694348439894189	0.08975356530680728	0.13290335825233687
High infant abx (vs None)	Cationic antimicrobial peptides	-0.07851608642384968	0.09245451008858217	0.13290335825233687
High infant abx (vs None)	Aminoglycosides	-0.11286678329581157	0.33954409628875926	0.4593831890965567
High infant abx (vs None)	Elfamycins	-0.080964905254386	0.41354084214020603	0.5284132982902633
High infant abx (vs None)	Sulfonamides	0.07005946876402502	0.5656690223814826	0.6847572376196895
High infant abx (vs None)	Phenolic compound resistance	-0.04148428665774672	0.6072386669303047	0.6983244669698504
Maternal abx (vs None)	Drug and biocide and metal resistance	0.20742888918030536	0.05832089548026421	0.643699959406235
Maternal abx (vs None)	Fusidic acid	-0.1557580798507348	0.07819209189163633	0.643699959406235
Maternal abx (vs None)	Phenolic compound resistance	0.1334634079434263	0.1063231304102304	0.643699959406235
Maternal abx (vs None)	Elfamycins	0.1488026846375964	0.1386301271093349	0.643699959406235
Maternal abx (vs None)	Drug and biocide resistance	0.22963013331950616	0.16191887035130992	0.643699959406235
Maternal abx (vs None)	Lipopeptides	-0.13309930212494417	0.17030954914887664	0.643699959406235
Maternal abx (vs None)	Fosfomycin	0.1403546352373853	0.21986499622384292	0.643699959406235
Maternal abx (vs None)	MLS	-0.1528973761317144	0.22633471532533234	0.643699959406235
Maternal abx (vs None)	Drug and metal resistance	0.09095660665021828	0.25188259281113545	0.643699959406235
Maternal abx (vs None)	Sulfonamides	0.13421828191103163	0.28133417255354465	0.6470685968731527
Maternal abx (vs None)	Cationic antimicrobial peptides	0.04744664149698891	0.32338100428485983	0.6541861727547875
Maternal abx (vs None)	Phenicol	-0.08879663893653107	0.3638010813795588	0.6541861727547875
Maternal abx (vs None)	Trimethoprim	0.0901222094151846	0.3697574019918364	0.6541861727547875
Maternal abx (vs None)	Mupirocin	-0.07796063493769707	0.4280577482543345	0.7032377292749781
Maternal abx (vs None)	Tetracyclines	0.09597799219407058	0.507057608045595	0.7676862324655508
Maternal abx (vs None)	Chromium resistance	0.036671058326560035	0.5340425964977744	0.7676862324655508
Maternal abx (vs None)	Aminoglycosides	0.06429950935515169	0.5899437486234003	0.7981591893140122
Maternal abx (vs None)	Multi-drug resistance	-0.057047003023158564	0.6554763350481865	0.8375530947837938
Maternal abx (vs None)	betalactams	0.047662271967535266	0.7281661117396754	0.8773783352415323
Maternal abx (vs None)	Aminocoumarins	0.02885518085949653	0.7629376828187238	0.8773783352415323
Donor milk (vs Mother's)	Cationic antimicrobial peptides	-0.11105873775100876	0.1268140463350745	0.6630436619506216
Donor milk (vs Mother's)	Drug and metal resistance	-0.18027838365787757	0.13323284536951888	0.6630436619506216
Donor milk (vs Mother's)	Sulfonamides	-0.27778062153402433	0.13939544868376968	0.6630436619506216
Donor milk (vs Mother's)	Oxazolidinone	0.10297943034805075	0.21806628273889062	0.6630436619506216
Donor milk (vs Mother's)	Phenicol	-0.17200334756525856	0.24424400947815617	0.6630436619506216
Donor milk (vs Mother's)	Multi-drug resistance	0.22251434580927354	0.24553545192042114	0.6630436619506216
Donor milk (vs Mother's)	Lipopeptides	0.15650358210297072	0.2790527978484181	0.6630436619506216
Donor milk (vs Mother's)	Fusidic acid	0.13867859338311117	0.29383620338695826	0.6630436619506216
Donor milk (vs Mother's)	Glycopeptides	0.12246341465033138	0.3092048270497887	0.6630436619506216
Donor milk (vs Mother's)	MLS	-0.19026496643868812	0.31075410056097197	0.6630436619506216
Donor milk (vs Mother's)	Aminoglycosides	0.16955485854461488	0.34263787123263645	0.6630436619506216
Donor milk (vs Mother's)	Fluoroquinolones	0.17225840494768008	0.3502269561274973	0.6630436619506216
Donor milk (vs Mother's)	Tetracyclines	0.1830506820465613	0.40183065361356707	0.6630436619506216
Donor milk (vs Mother's)	Aminocoumarins	0.12000263499990435	0.40359179423081315	0.6630436619506216
Donor milk (vs Mother's)	Mupirocin	0.0885216318651942	0.5468990247540244	0.7674873776636484
Donor milk (vs Mother's)	Fosfomycin	0.1007127677281958	0.5592180190141038	0.7674873776636484
Donor milk (vs Mother's)	Elfamycins	0.08139400467704312	0.5910162635063811	0.7674873776636484
Donor milk (vs Mother's)	Phenolic compound resistance	0.06070668828666821	0.6267578983563615	0.7674873776636484
Donor milk (vs Mother's)	Trimethoprim	-0.06785165849526673	0.6547855534832954	0.7674873776636484
Donor milk (vs Mother's)	betalactams	0.08835344785523633	0.6673803284031725	0.7674873776636484
Gestational age (per week)	Mupirocin	-0.07054374810319804	0.0007315892886856006	0.016826553639768815
Gestational age (per week)	Fusidic acid	-0.04609633897163099	0.014065520327212823	0.16175348376294746
Gestational age (per week)	Oxazolidinone	-0.027398243280704615	0.021158164126440716	0.16221259163604548
Gestational age (per week)	Drug and biocide and metal resistance	0.040170154291574986	0.08465093035771698	0.3810877411900101
Gestational age (per week)	Chromium resistance	0.021158328438078355	0.09149763825580769	0.3810877411900101
Gestational age (per week)	Phenolic compound resistance	0.028947544913006325	0.09941419335391567	0.3810877411900101
Gestational age (per week)	Lipopeptides	-0.02763768664546396	0.17969673966467947	0.5650913655497928
Gestational age (per week)	Elfamycins	0.02758857649895371	0.1966148969761229	0.5650913655497928
Gestational age (per week)	Aminoglycosides	-0.030994062178509973	0.22112270825861458	0.5650913655497928
Gestational age (per week)	Drug and metal resistance	0.013924702709961347	0.40933984328902984	0.830468820489293
Gestational age (per week)	Trimethoprim	-0.017077646295907526	0.42401042564169455	0.830468820489293
Gestational age (per week)	Drug and biocide resistance	0.024903025880646197	0.4757271722598464	0.830468820489293
Gestational age (per week)	Phenicol	0.013758600331414614	0.5082996201253838	0.830468820489293
Gestational age (per week)	Sulfonamides	0.015037084651594401	0.5700828820393897	0.830468820489293
Gestational age (per week)	Aminocoumarins	-0.011159822873350253	0.5832301078869022	0.830468820489293
Gestational age (per week)	Glycopeptides	0.009208149835728251	0.5865656459829675	0.830468820489293
Gestational age (per week)	betalactams	-0.013768950787340013	0.6363997626564997	0.830468820489293
Gestational age (per week)	MLS	-0.011426096924837906	0.6696408961989384	0.830468820489293
Gestational age (per week)	Cationic antimicrobial peptides	-0.004129805415121822	0.6860394604041986	0.830468820489293
Gestational age (per week)	Fosfomycin	-0.0046662030787144315	0.8478334001996893	0.9750084102296428
